day,space,class,x,y
0,Low-level,0,0.022284403443336487,-0.8573106527328491
0,Low-level,0,0.0011793321464210749,-0.8486883044242859
0,Low-level,0,-0.01690019853413105,-0.7710937261581421
0,Low-level,0,-0.008110787719488144,-0.8164215087890625
0,Low-level,0,-0.009362505748867989,-0.7036606073379517
0,Low-level,0,0.08481378853321075,-0.7930481433868408
0,Low-level,0,0.06648081541061401,-0.7527646422386169
0,Low-level,0,0.07977140694856644,-0.8366340398788452
0,Low-level,0,-0.07140731811523438,-0.8111177682876587
0,Low-level,0,0.036922305822372437,-0.6802334189414978
0,Low-level,1,0.7749148607254028,-0.3559364378452301
0,Low-level,1,0.6086403131484985,-0.26481518149375916
0,Low-level,1,0.6220147609710693,-0.27135375142097473
0,Low-level,1,0.6916013956069946,-0.2673550546169281
0,Low-level,1,0.05675052851438522,-0.5183241963386536
0,Low-level,1,0.7523478269577026,-0.3608035445213318
0,Low-level,1,0.5777489542961121,-0.31344741582870483
0,Low-level,1,0.7120241522789001,-0.2758723497390747
0,Low-level,1,0.7402541041374207,-0.3382309675216675
0,Low-level,1,0.7275281548500061,-0.3409944176673889
0,Low-level,2,0.7470588684082031,0.6276616454124451
0,Low-level,2,0.7475977540016174,0.6099957823753357
0,Low-level,2,0.7257731556892395,0.4849991798400879
0,Low-level,2,0.8063233494758606,0.5014748573303223
0,Low-level,2,0.6904343962669373,0.5692667961120605
0,Low-level,2,0.7604173421859741,0.5891934633255005
0,Low-level,2,0.7158738374710083,0.5952196717262268
0,Low-level,2,0.6508126258850098,0.654538094997406
0,Low-level,2,0.6584929823875427,0.49282607436180115
0,Low-level,2,0.6842052340507507,0.5552635788917542
0,Low-level,3,-0.24231597781181335,0.8273163437843323
0,Low-level,3,-0.3235204219818115,0.81557697057724
0,Low-level,3,-0.2080334722995758,0.7948870062828064
0,Low-level,3,-0.35782352089881897,0.7589495182037354
0,Low-level,3,-0.36203378438949585,0.7962440848350525
0,Low-level,3,-0.3098722994327545,0.709827184677124
0,Low-level,3,-0.22186428308486938,0.7019262313842773
0,Low-level,3,-0.2885288894176483,0.8167228102684021
0,Low-level,3,-0.3094612956047058,0.7557867169380188
0,Low-level,3,-0.3851515054702759,0.773787260055542
0,Low-level,4,-0.1419040560722351,-0.0696289911866188
0,Low-level,4,-0.12002191692590714,-0.0031719000544399023
0,Low-level,4,-0.1910928338766098,-0.044049330055713654
0,Low-level,4,-0.06197279319167137,-0.031957611441612244
0,Low-level,4,-0.15188290178775787,-0.08051911741495132
0,Low-level,4,-0.07487145066261292,-0.02088266983628273
0,Low-level,4,-0.13100019097328186,-0.13316187262535095
0,Low-level,4,-0.12147007882595062,0.1353243887424469
0,Low-level,4,-0.12357422709465027,0.04896942153573036
0,Low-level,4,-0.054161760956048965,-0.09506097435951233
0,Low-level,5,-0.9112723469734192,-0.17058049142360687
0,Low-level,5,-1.010319709777832,-0.2327164113521576
0,Low-level,5,-0.8931582570075989,-0.18985901772975922
0,Low-level,5,-0.9023626446723938,-0.26182320713996887
0,Low-level,5,-0.9543290734291077,-0.21889597177505493
0,Low-level,5,-1.0031020641326904,-0.1727914661169052
0,Low-level,5,-0.983405351638794,-0.17616252601146698
0,Low-level,5,-1.043017864227295,-0.1626989096403122
0,Low-level,5,-0.8766227960586548,-0.11278216540813446
0,Low-level,5,-0.8783381581306458,-0.26090532541275024
0,High-level,0,0.22286075353622437,-0.9658098220825195
0,High-level,0,0.19853618741035461,-0.9367577433586121
0,High-level,0,0.2494579404592514,-0.9007255434989929
0,High-level,0,0.2623114585876465,-0.9647033214569092
0,High-level,0,0.2747945785522461,-0.8520588874816895
0,High-level,0,0.1954178810119629,-0.8804036378860474
0,High-level,0,0.2534836232662201,-0.9314693808555603
0,High-level,0,0.19486103951931,-0.9263408184051514
0,High-level,0,0.2574647068977356,-0.9084635376930237
0,High-level,0,0.2570633590221405,-0.8536504507064819
0,High-level,1,0.03758655861020088,-0.07826181501150131
0,High-level,1,0.1404159665107727,-0.022302357479929924
0,High-level,1,0.11430913954973221,-0.032199203968048096
0,High-level,1,0.06342470645904541,-0.019238371402025223
0,High-level,1,0.22098761796951294,-0.07100893557071686
0,High-level,1,0.05519541725516319,-0.09443063288927078
0,High-level,1,0.14672213792800903,-0.10232166945934296
0,High-level,1,0.05870983749628067,-0.036108799278736115
0,High-level,1,0.05357864499092102,-0.06944897770881653
0,High-level,1,0.06528251618146896,-0.05912402272224426
0,High-level,2,-0.6918922662734985,-0.37398698925971985
0,High-level,2,-0.7564671039581299,-0.4133475422859192
0,High-level,2,-0.6824817657470703,-0.40421584248542786
0,High-level,2,-0.7069056034088135,-0.44452008605003357
0,High-level,2,-0.6979396939277649,-0.3605387508869171
0,High-level,2,-0.7543066143989563,-0.3874732553958893
0,High-level,2,-0.7455929517745972,-0.3763425052165985
0,High-level,2,-0.7824659943580627,-0.3164921700954437
0,High-level,2,-0.6909133195877075,-0.3717765212059021
0,High-level,2,-0.761866569519043,-0.3800147473812103
0,High-level,3,0.2238740772008896,0.7900016903877258
0,High-level,3,0.19635701179504395,0.8160264492034912
0,High-level,3,0.1711001843214035,0.7768482565879822
0,High-level,3,0.262143611907959,0.8132261037826538
0,High-level,3,0.22693178057670593,0.7224510312080383
0,High-level,3,0.2654772400856018,0.796822726726532
0,High-level,3,0.2836664021015167,0.7739176750183105
0,High-level,3,0.2099573165178299,0.8259789943695068
0,High-level,3,0.2136354148387909,0.7719666361808777
0,High-level,3,0.2354707568883896,0.7108139991760254
0,High-level,4,0.984847903251648,0.03975718468427658
0,High-level,4,0.9437950849533081,0.07323947548866272
0,High-level,4,0.8786776661872864,0.07544919848442078
0,High-level,4,0.8935730457305908,0.0765901654958725
0,High-level,4,1.006123661994934,0.04163835197687149
0,High-level,4,0.8892180919647217,0.06840596348047256
0,High-level,4,0.9417964816093445,0.013815956190228462
0,High-level,4,1.0231200456619263,0.05518181622028351
0,High-level,4,0.938679575920105,0.10128550976514816
0,High-level,4,0.8825214505195618,0.041302070021629333
0,High-level,5,-0.7899625301361084,0.49214687943458557
0,High-level,5,-0.759853720664978,0.5614244937896729
0,High-level,5,-0.7446189522743225,0.4842884838581085
0,High-level,5,-0.7241270542144775,0.5369860529899597
0,High-level,5,-0.757472813129425,0.5157413482666016
0,High-level,5,-0.7947095036506653,0.5305628776550293
0,High-level,5,-0.807036280632019,0.52730393409729
0,High-level,5,-0.8450126647949219,0.5442861318588257
0,High-level,5,-0.7872403264045715,0.4489935636520386
0,High-level,5,-0.7125651836395264,0.5070809721946716
42,Low-level,0,-0.8630885481834412,0.10492796450853348
42,Low-level,0,-0.9029149413108826,0.0781211405992508
42,Low-level,0,-0.36966732144355774,0.5179500579833984
42,Low-level,0,-0.7805489301681519,-0.05324104055762291
42,Low-level,0,-0.47124937176704407,-0.0071999565698206425
42,Low-level,0,-0.3728105127811432,0.09334461390972137
42,Low-level,0,0.07804305851459503,0.7747708559036255
42,Low-level,0,-0.6258437633514404,-0.0022419390734285116
42,Low-level,0,-0.7106328010559082,-0.006321416702121496
42,Low-level,0,-0.5257464051246643,0.18388281762599945
42,Low-level,1,0.6910180449485779,-0.30441421270370483
42,Low-level,1,0.22210612893104553,0.5708058476448059
42,Low-level,1,0.36006423830986023,0.28504157066345215
42,Low-level,1,0.6908013224601746,-0.5221253037452698
42,Low-level,1,0.5912608504295349,-0.2312069684267044
42,Low-level,1,0.6333438754081726,0.5306461453437805
42,Low-level,1,0.7827796936035156,-0.3676697313785553
42,Low-level,1,0.4880976378917694,-0.7137899398803711
42,Low-level,1,0.7051485180854797,-0.41068100929260254
42,Low-level,1,0.5136271715164185,-0.12003684788942337
42,Low-level,2,0.4633052945137024,0.5413596034049988
42,Low-level,2,0.38262805342674255,0.33154794573783875
42,Low-level,2,0.5729845762252808,0.38457629084587097
42,Low-level,2,0.4677104353904724,0.18302315473556519
42,Low-level,2,0.6259952783584595,0.33815720677375793
42,Low-level,2,0.24714933335781097,0.17343084514141083
42,Low-level,2,0.7233891487121582,0.32375800609588623
42,Low-level,2,0.14296486973762512,0.34817665815353394
42,Low-level,2,0.1633659303188324,0.44550448656082153
42,Low-level,2,0.43377137184143066,0.06369804590940475
42,Low-level,3,0.3098757266998291,-1.023836374282837
42,Low-level,3,-0.45424461364746094,0.0561894066631794
42,Low-level,3,0.25562718510627747,-0.9650486707687378
42,Low-level,3,-0.2921159565448761,-0.49031251668930054
42,Low-level,3,0.3613874316215515,-1.0058039426803589
42,Low-level,3,0.13278216123580933,-0.7459105253219604
42,Low-level,3,0.13882531225681305,-0.4076184928417206
42,Low-level,3,0.20863668620586395,-0.5557273626327515
42,Low-level,3,0.022684525698423386,-0.41091859340667725
42,Low-level,3,0.3521457314491272,-0.7566401958465576
42,Low-level,4,-0.4503544270992279,-0.6145853996276855
42,Low-level,4,-0.5000446438789368,-0.47957518696784973
42,Low-level,4,-0.37139230966567993,-0.5780246257781982
42,Low-level,4,0.21915359795093536,-0.4194890260696411
42,Low-level,4,-0.3321567475795746,-0.6835022568702698
42,Low-level,4,-0.39196306467056274,-0.16682085394859314
42,Low-level,4,-0.5303391218185425,-0.6400995254516602
42,Low-level,4,-0.3075144588947296,0.41851797699928284
42,Low-level,4,-0.3695659339427948,-0.37368348240852356
42,Low-level,4,0.1881532371044159,-0.8273715376853943
42,Low-level,5,-0.19267681241035461,0.5914872884750366
42,Low-level,5,-0.45847848057746887,0.6391362547874451
42,Low-level,5,-0.2871076166629791,0.636293351650238
42,Low-level,5,-0.458335816860199,0.864391028881073
42,Low-level,5,-0.42588716745376587,0.7744880318641663
42,Low-level,5,-0.37581026554107666,0.9608364105224609
42,Low-level,5,-0.12394796311855316,0.6853261590003967
42,Low-level,5,0.04382320120930672,0.4828542470932007
42,Low-level,5,-0.30115455389022827,0.8242835402488708
42,Low-level,5,0.03294200077652931,0.6773689985275269
42,High-level,0,0.7930165529251099,-0.11799923330545425
42,High-level,0,0.8398436903953552,-0.11445829272270203
42,High-level,0,0.3512778878211975,-0.3595692217350006
42,High-level,0,0.7116321325302124,-0.20238785445690155
42,High-level,0,0.8170192241668701,-0.0348467156291008
42,High-level,0,0.9546919465065002,-0.23790469765663147
42,High-level,0,0.5773220658302307,0.7966073155403137
42,High-level,0,0.6081531047821045,-0.29224297404289246
42,High-level,0,0.6585871577262878,-0.22975939512252808
42,High-level,0,0.7418427467346191,-0.34419047832489014
42,High-level,1,-0.41869959235191345,0.6213016510009766
42,High-level,1,-0.5233022570610046,-0.6652302742004395
42,High-level,1,0.011999272741377354,0.6131454110145569
42,High-level,1,-0.4982844293117523,0.5508735179901123
42,High-level,1,-0.08935385942459106,0.7746397256851196
42,High-level,1,-0.1862640231847763,0.6486297249794006
42,High-level,1,-0.5297642350196838,0.6278895139694214
42,High-level,1,-0.3575591444969177,0.4866673946380615
42,High-level,1,-0.4838426113128662,0.5812837481498718
42,High-level,1,-0.44096723198890686,-0.5352169275283813
42,High-level,2,0.3503897190093994,0.7112760543823242
42,High-level,2,0.1839708536863327,0.7983289957046509
42,High-level,2,0.19555094838142395,0.7387018203735352
42,High-level,2,0.17869652807712555,0.6567957401275635
42,High-level,2,0.15491314232349396,0.7379608154296875
42,High-level,2,-0.054635465145111084,0.9241973757743835
42,High-level,2,0.27760905027389526,0.8605151176452637
42,High-level,2,-0.08566778898239136,0.9950399994850159
42,High-level,2,0.3918798565864563,0.6260531544685364
42,High-level,2,-0.3189621865749359,0.7535174489021301
42,High-level,3,0.24536843597888947,-0.8077770471572876
42,High-level,3,0.39617064595222473,-0.7938963174819946
42,High-level,3,0.1210801750421524,-0.8246508836746216
42,High-level,3,0.16266083717346191,-0.20507323741912842
42,High-level,3,0.2456469088792801,-0.842095136642456
42,High-level,3,0.3400670289993286,-0.8906005620956421
42,High-level,3,-0.040441446006298065,-1.1222283840179443
42,High-level,3,-0.15179459750652313,-1.0129913091659546
42,High-level,3,-0.06887874752283096,-0.825848400592804
42,High-level,3,0.1684449464082718,-0.8918320536613464
42,High-level,4,-0.03565992787480354,-0.13609196245670319
42,High-level,4,0.1081095039844513,-0.35140854120254517
42,High-level,4,-0.011225134134292603,-0.23277007043361664
42,High-level,4,0.004364891909062862,-0.5719238519668579
42,High-level,4,0.041282281279563904,-0.2070697844028473
42,High-level,4,-0.14772158861160278,-0.03172282129526138
42,High-level,4,-0.038447458297014236,-0.086166612803936
42,High-level,4,0.08550728857517242,0.310203492641449
42,High-level,4,0.13137678802013397,-0.06890202313661575
42,High-level,4,0.1512356996536255,-0.5069030523300171
42,High-level,5,-0.70512455701828,0.021188952028751373
42,High-level,5,-0.7229343056678772,-0.10421770811080933
42,High-level,5,-0.6884610056877136,-0.023682979866862297
42,High-level,5,-0.8179353475570679,-0.05473792925477028
42,High-level,5,-0.8642409443855286,-0.07032599300146103
42,High-level,5,-0.878731906414032,0.04757257550954819
42,High-level,5,-0.5011504888534546,-0.055778127163648605
42,High-level,5,0.498172402381897,0.014517570845782757
42,High-level,5,-0.78531414270401,0.05741982161998749
42,High-level,5,-1.0525245666503906,-0.10182609409093857
