day,space,initialization,silhouette
0,Low-level,0,0.8436590433120728
0,Low-level,1,0.8581238389015198
0,Low-level,2,0.8640385270118713
0,Low-level,3,0.8584074378013611
0,Low-level,4,0.8615265488624573
0,Low-level,5,0.8620942234992981
0,Low-level,6,0.8544899225234985
0,Low-level,7,0.8642173409461975
0,Low-level,8,0.853632390499115
0,Low-level,9,0.8601354360580444
0,Low-level,10,0.8569584488868713
0,Low-level,11,0.8620279431343079
0,Low-level,12,0.8618001341819763
0,Low-level,13,0.8622178435325623
0,Low-level,14,0.861708402633667
0,Low-level,15,0.8588157892227173
0,Low-level,16,0.8532142043113708
0,Low-level,17,0.8631521463394165
0,Low-level,18,0.8571511507034302
0,Low-level,19,0.865245521068573
0,Low-level,20,0.8588327169418335
0,Low-level,21,0.8567740321159363
0,Low-level,22,0.8593560457229614
0,Low-level,23,0.858466625213623
0,Low-level,24,0.861195981502533
0,Low-level,25,0.8574386835098267
0,Low-level,26,0.8574523329734802
0,Low-level,27,0.8623667359352112
0,Low-level,28,0.8553328514099121
0,Low-level,29,0.8588368892669678
0,Low-level,30,0.8427380919456482
0,Low-level,31,0.8627526760101318
0,Low-level,32,0.8568105101585388
0,Low-level,33,0.8637873530387878
0,Low-level,34,0.8611754179000854
0,Low-level,35,0.8630831241607666
0,Low-level,36,0.8577402830123901
0,Low-level,37,0.8592475056648254
0,Low-level,38,0.862559974193573
0,Low-level,39,0.8628860712051392
0,Low-level,40,0.8475003838539124
0,Low-level,41,0.8598986864089966
0,Low-level,42,0.862326979637146
0,Low-level,43,0.857459545135498
0,Low-level,44,0.8596938252449036
0,Low-level,45,0.8632310032844543
0,Low-level,46,0.862026035785675
0,Low-level,47,0.8612898588180542
0,Low-level,48,0.8623655438423157
0,Low-level,49,0.8600428700447083
0,High-level,0,0.9159124493598938
0,High-level,1,0.9190086722373962
0,High-level,2,0.9197027087211609
0,High-level,3,0.9206076264381409
0,High-level,4,0.9206234812736511
0,High-level,5,0.9165891408920288
0,High-level,6,0.9199520945549011
0,High-level,7,0.9206161499023438
0,High-level,8,0.9201069474220276
0,High-level,9,0.9184606075286865
0,High-level,10,0.9217628836631775
0,High-level,11,0.921694815158844
0,High-level,12,0.9174025058746338
0,High-level,13,0.9163483381271362
0,High-level,14,0.9174371957778931
0,High-level,15,0.9184176921844482
0,High-level,16,0.9201684594154358
0,High-level,17,0.9197820425033569
0,High-level,18,0.9185245037078857
0,High-level,19,0.9202802181243896
0,High-level,20,0.917692244052887
0,High-level,21,0.9159358739852905
0,High-level,22,0.920188307762146
0,High-level,23,0.924461305141449
0,High-level,24,0.9149647951126099
0,High-level,25,0.9174832701683044
0,High-level,26,0.9189205169677734
0,High-level,27,0.9143736362457275
0,High-level,28,0.9195427298545837
0,High-level,29,0.9201770424842834
0,High-level,30,0.9148328900337219
0,High-level,31,0.9180768728256226
0,High-level,32,0.916720449924469
0,High-level,33,0.922688364982605
0,High-level,34,0.919335663318634
0,High-level,35,0.9190250635147095
0,High-level,36,0.9179466962814331
0,High-level,37,0.9172216057777405
0,High-level,38,0.9188134670257568
0,High-level,39,0.9225659966468811
0,High-level,40,0.9186743497848511
0,High-level,41,0.9177401661872864
0,High-level,42,0.91817706823349
0,High-level,43,0.9214832186698914
0,High-level,44,0.9215620756149292
0,High-level,45,0.9188354015350342
0,High-level,46,0.917771577835083
0,High-level,47,0.9208324551582336
0,High-level,48,0.9151859283447266
0,High-level,49,0.9216994643211365
42,Low-level,0,0.41059303283691406
42,Low-level,1,0.4264087378978729
42,Low-level,2,0.44403454661369324
42,Low-level,3,0.40034130215644836
42,Low-level,4,0.4222332239151001
42,Low-level,5,0.4246693551540375
42,Low-level,6,0.3773365318775177
42,Low-level,7,0.43137267231941223
42,Low-level,8,0.40814831852912903
42,Low-level,9,0.3714268207550049
42,Low-level,10,0.41923344135284424
42,Low-level,11,0.43780800700187683
42,Low-level,12,0.4444771111011505
42,Low-level,13,0.4219334125518799
42,Low-level,14,0.42043542861938477
42,Low-level,15,0.4035038948059082
42,Low-level,16,0.4302560091018677
42,Low-level,17,0.4294796288013458
42,Low-level,18,0.4256325960159302
42,Low-level,19,0.42780953645706177
42,Low-level,20,0.43231436610221863
42,Low-level,21,0.4468880593776703
42,Low-level,22,0.45920395851135254
42,Low-level,23,0.40947654843330383
42,Low-level,24,0.43664848804473877
42,Low-level,25,0.3956650495529175
42,Low-level,26,0.44311150908470154
42,Low-level,27,0.4235703945159912
42,Low-level,28,0.42852112650871277
42,Low-level,29,0.44585052132606506
42,Low-level,30,0.4353399872779846
42,Low-level,31,0.4298631548881531
42,Low-level,32,0.43191900849342346
42,Low-level,33,0.4065673351287842
42,Low-level,34,0.4326842129230499
42,Low-level,35,0.42904531955718994
42,Low-level,36,0.4488591253757477
42,Low-level,37,0.44174104928970337
42,Low-level,38,0.43118295073509216
42,Low-level,39,0.4055614471435547
42,Low-level,40,0.435272216796875
42,Low-level,41,0.42198446393013
42,Low-level,42,0.41612231731414795
42,Low-level,43,0.4105173647403717
42,Low-level,44,0.4288714826107025
42,Low-level,45,0.4295312464237213
42,Low-level,46,0.41560542583465576
42,Low-level,47,0.43863287568092346
42,Low-level,48,0.40415969491004944
42,Low-level,49,0.4362975060939789
42,High-level,0,0.5202975869178772
42,High-level,1,0.536896288394928
42,High-level,2,0.5134233832359314
42,High-level,3,0.5115412473678589
42,High-level,4,0.515577495098114
42,High-level,5,0.5377455949783325
42,High-level,6,0.5380733609199524
42,High-level,7,0.5508129000663757
42,High-level,8,0.5410885810852051
42,High-level,9,0.5340694189071655
42,High-level,10,0.5131950974464417
42,High-level,11,0.5103661417961121
42,High-level,12,0.5409300327301025
42,High-level,13,0.5362498760223389
42,High-level,14,0.5201820135116577
42,High-level,15,0.5351832509040833
42,High-level,16,0.5211395621299744
42,High-level,17,0.5394156575202942
42,High-level,18,0.517949640750885
42,High-level,19,0.5264993906021118
42,High-level,20,0.5343815684318542
42,High-level,21,0.5194259285926819
42,High-level,22,0.5306643843650818
42,High-level,23,0.5050055384635925
42,High-level,24,0.5168435573577881
42,High-level,25,0.5150654911994934
42,High-level,26,0.5166345834732056
42,High-level,27,0.5063084959983826
42,High-level,28,0.5156697034835815
42,High-level,29,0.5249584913253784
42,High-level,30,0.5255192518234253
42,High-level,31,0.5436025857925415
42,High-level,32,0.5103371143341064
42,High-level,33,0.5254999995231628
42,High-level,34,0.5111208558082581
42,High-level,35,0.5250074863433838
42,High-level,36,0.5187228918075562
42,High-level,37,0.525326132774353
42,High-level,38,0.5197554230690002
42,High-level,39,0.5138199925422668
42,High-level,40,0.5105032920837402
42,High-level,41,0.53413987159729
42,High-level,42,0.5131747126579285
42,High-level,43,0.5283774733543396
42,High-level,44,0.5387944579124451
42,High-level,45,0.5255774259567261
42,High-level,46,0.5325297713279724
42,High-level,47,0.5270609259605408
42,High-level,48,0.5247215628623962
42,High-level,49,0.5276449918746948
