representation,day,class,token_index,nominal_time_s,PC1,PC2,PC3
obs,0,Enter,0,0.125,-3.286208081786834,1.0339925239127221,0.2217501422824824
obs,0,Enter,1,0.375,-1.8651962429169657,1.308160400091231,-1.1962359685022297
obs,0,Enter,2,0.625,-1.5073518551182536,2.0887172821209252,0.6382526374520933
obs,0,Enter,3,0.875,0.1522358937374259,0.036940463769734866,0.6929532686572859
obs,0,Enter,4,1.125,-0.1797337246112821,-1.8910664588493384,0.2615882649976432
obs,0,Enter,5,1.375,1.7006420476723052,-0.31288557647614196,-0.9898910322215638
obs,0,Enter,6,1.625,0.9556049695200929,-0.7303962097466296,0.06402556839343512
obs,0,Enter,7,1.875,-1.2463947690148898,0.16347218125865212,0.3967929035193867
obs,0,Right,0,0.125,0.3110645117867562,1.710520699539461,-1.873241819862965
obs,0,Right,1,0.375,-0.19473741829528146,2.1734622748777266,-0.6354735705071849
obs,0,Right,2,0.625,-0.3857141647033258,-1.3966967104639028,-0.04510168691864399
obs,0,Right,3,0.875,1.175551446470077,-3.547542003567878,-1.4952188277697813
obs,0,Right,4,1.125,1.6482892389842398,-0.9143582983024057,1.1920670820969177
obs,0,Right,5,1.375,0.5929593968283384,-1.564467026607783,1.4855442309129885
obs,0,Right,6,1.625,0.7014358487666655,0.4290618244124184,1.0005142997545886
obs,0,Right,7,1.875,1.2405987157360006,2.089641633245349,1.4903225602082943
obs,0,Up,0,0.125,-2.034492330170601,1.8917526272886516,-1.104101716559719
obs,0,Up,1,0.375,-2.517940268108741,2.3923527585723248,0.41152104864186434
obs,0,Up,2,0.625,-2.0667549470837945,1.4273737431098357,-0.0856386135253282
obs,0,Up,3,0.875,0.9453122227284093,1.0335503878613574,0.2940193170319019
obs,0,Up,4,1.125,-1.1248193342887927,-2.165219083881775,1.714740237078998
obs,0,Up,5,1.375,-0.8061756702785273,0.24780317349204076,0.3460852104921038
obs,0,Up,6,1.625,-1.5712183325782294,-0.1560280183554296,1.2202627665937882
obs,0,Up,7,1.875,-2.1422032347921034,-0.4058556016609527,-0.1354157108449008
obs,42,Enter,0,0.125,-2.5786063040230007,0.3201143358378987,-0.9015295958305459
obs,42,Enter,1,0.375,-2.7302957319757812,1.036261323276735,-0.3944750281612315
obs,42,Enter,2,0.625,-1.835634433718499,-0.7738839276529355,0.8001654636373773
obs,42,Enter,3,0.875,-0.15772938127414132,-1.5837425968692205,0.9939918793704537
obs,42,Enter,4,1.125,3.9018927308819857,-0.11758872683008682,-3.169965099051966
obs,42,Enter,5,1.375,-0.6169832994056239,-2.4979349707318477,0.29457331170484974
obs,42,Enter,6,1.625,-0.8784346298806275,-0.20417591213385888,0.5041435161851354
obs,42,Enter,7,1.875,-1.4645941169488546,0.18684195017326832,-0.5716872069857326
obs,42,Right,0,0.125,-0.5994419978665789,1.1106925043998557,-1.264916597875042
obs,42,Right,1,0.375,-0.07210095745973429,1.5991223625917272,-0.5751448121085355
obs,42,Right,2,0.625,-2.081695086788464,-1.3031752455271055,2.3224886184844173
obs,42,Right,3,0.875,-1.9111322166477305,-1.0637003825376665,-0.17027238878011206
obs,42,Right,4,1.125,0.5215581101985857,0.22819377880415775,2.8496143712244226
obs,42,Right,5,1.375,1.7239215165437387,-1.932764972314114,-1.4093237859537784
obs,42,Right,6,1.625,2.3984072070558455,-0.11194914597595693,-0.9718349870109105
obs,42,Right,7,1.875,-0.38759191132008025,-0.07058966161671135,1.3156941146747265
obs,42,Up,0,0.125,-2.5904207404315027,1.3416621996179245,0.2688585760863638
obs,42,Up,1,0.375,-3.213072220954646,1.6851508075870265,-0.13368189980277106
obs,42,Up,2,0.625,-2.3569314127123113,0.9794806383999624,0.6949790062649619
obs,42,Up,3,0.875,-0.5187695730600282,-0.3371349782648124,0.5787893018187015
obs,42,Up,4,1.125,2.9275874293380153,-0.04663171117914829,-1.4203885077935565
obs,42,Up,5,1.375,0.3433696978433707,1.0884790506275621,2.377359365134241
obs,42,Up,6,1.625,-1.034596049116216,2.220289894431209,1.9707945437631085
obs,42,Up,7,1.875,-2.538159145014015,2.3210109576308904,0.029946962668723074
prior,0,Enter,0,0.125,-9.090891,3.6208076,4.50732
prior,0,Enter,1,0.375,-14.941046,1.8008848,8.525514
prior,0,Enter,2,0.625,-6.8766756,3.6400857,8.384315
prior,0,Enter,3,0.875,6.4631786,-2.743318,2.3259373
prior,0,Enter,4,1.125,6.9281573,-12.973381,3.779034
prior,0,Enter,5,1.375,2.8174229,-6.165262,3.3671958
prior,0,Enter,6,1.625,-5.5616236,3.6073387,0.40580142
prior,0,Enter,7,1.875,-9.284351,1.9749616,2.9770792
prior,0,Right,0,0.125,-0.7749581,7.798292,1.316707
prior,0,Right,1,0.375,-2.0777867,6.555929,5.033321
prior,0,Right,2,0.625,10.6718445,2.437339,-3.5210574
prior,0,Right,3,0.875,10.885664,-12.82465,0.8825326
prior,0,Right,4,1.125,12.178802,-3.665443,-1.949058
prior,0,Right,5,1.375,13.937248,6.963788,-6.1414666
prior,0,Right,6,1.625,9.018158,9.775453,-4.502554
prior,0,Right,7,1.875,1.8308992,7.511114,-0.75808287
prior,0,Up,0,0.125,-19.154442,-1.3232003,-2.8712044
prior,0,Up,1,0.375,-27.831814,-5.4586945,-2.2592843
prior,0,Up,2,0.625,-23.537378,-2.2031403,1.6550391
prior,0,Up,3,0.875,-4.394739,-1.9756186,5.425218
prior,0,Up,4,1.125,-3.2609375,6.2465725,-1.3666096
prior,0,Up,5,1.375,-19.642546,-3.09161,-8.528658
prior,0,Up,6,1.625,-30.916021,-8.924513,-11.246906
prior,0,Up,7,1.875,-31.212633,-8.727492,-9.150642
prior,42,Enter,0,0.125,-8.925379,3.4841528,1.6096617
prior,42,Enter,1,0.375,-14.340555,1.5982796,5.934075
prior,42,Enter,2,0.625,-9.088089,2.8834374,6.634187
prior,42,Enter,3,0.875,7.4054413,1.2125832,1.2169579
prior,42,Enter,4,1.125,7.315173,-7.4365807,6.263674
prior,42,Enter,5,1.375,-0.50715727,4.8448586,-1.0503352
prior,42,Enter,6,1.625,-14.887392,-0.022286959,-1.7354854
prior,42,Enter,7,1.875,-15.886333,-0.1521994,-0.10927203
prior,42,Right,0,0.125,-1.4024699,8.464162,-1.0062193
prior,42,Right,1,0.375,-3.9310095,7.060999,3.4991353
prior,42,Right,2,0.625,7.967624,8.576059,-2.5742571
prior,42,Right,3,0.875,12.2554655,2.9306917,-3.2475786
prior,42,Right,4,1.125,12.899447,9.330938,-5.721555
prior,42,Right,5,1.375,11.252467,10.1407585,-3.655305
prior,42,Right,6,1.625,11.366913,10.913654,-5.0805097
prior,42,Right,7,1.875,5.568013,10.021411,-3.7098804
prior,42,Up,0,0.125,-21.211205,-2.6914024,-3.3882287
prior,42,Up,1,0.375,-28.152527,-5.392667,-1.4296023
prior,42,Up,2,0.625,-24.737576,-2.843018,1.3529364
prior,42,Up,3,0.875,-10.369855,4.2122498,3.3996594
prior,42,Up,4,1.125,1.3405578,8.205759,-1.7064534
prior,42,Up,5,1.375,-20.790997,-2.5746257,-7.1901803
prior,42,Up,6,1.625,-32.43666,-9.920778,-12.514014
prior,42,Up,7,1.875,-29.264961,-7.5386133,-8.498481
