dataset,method,subject,target,selected_seed
ds000210,Ours,sub-01,clarity,23.0
ds000210,NeuroStorm,sub-01,clarity,
ds000210,Ours,sub-02,clarity,37.0
ds000210,NeuroStorm,sub-02,clarity,
ds000210,Ours,sub-03,clarity,42.0
ds000210,NeuroStorm,sub-03,clarity,
ds000210,Ours,sub-04,clarity,11.0
ds000210,NeuroStorm,sub-04,clarity,
ds000210,Ours,sub-05,clarity,12.0
ds000210,NeuroStorm,sub-05,clarity,
ds000210,Ours,sub-06,clarity,4.0
ds000210,NeuroStorm,sub-06,clarity,
ds000210,Ours,sub-07,clarity,47.0
ds000210,NeuroStorm,sub-07,clarity,
ds000210,Ours,sub-08,clarity,2.0
ds000210,NeuroStorm,sub-08,clarity,
ds000210,Ours,sub-09,clarity,1.0
ds000210,NeuroStorm,sub-09,clarity,
ds000210,Ours,sub-10,clarity,33.0
ds000210,NeuroStorm,sub-10,clarity,
ds000210,Ours,sub-11,clarity,13.0
ds000210,NeuroStorm,sub-11,clarity,
ds000210,Ours,sub-12,clarity,24.0
ds000210,NeuroStorm,sub-12,clarity,
ds000210,Ours,sub-13,clarity,13.0
ds000210,NeuroStorm,sub-13,clarity,
ds000210,Ours,sub-14,clarity,24.0
ds000210,NeuroStorm,sub-14,clarity,
ds000210,Ours,sub-15,clarity,22.0
ds000210,NeuroStorm,sub-15,clarity,
ds000210,Ours,sub-16,clarity,29.0
ds000210,NeuroStorm,sub-16,clarity,
ds000210,Ours,sub-17,clarity,38.0
ds000210,NeuroStorm,sub-17,clarity,
ds000210,Ours,sub-18,clarity,26.0
ds000210,NeuroStorm,sub-18,clarity,
ds000210,Ours,sub-19,clarity,49.0
ds000210,NeuroStorm,sub-19,clarity,
ds000210,Ours,sub-20,clarity,24.0
ds000210,NeuroStorm,sub-20,clarity,
ds000210,Ours,sub-21,clarity,19.0
ds000210,NeuroStorm,sub-21,clarity,
ds000210,Ours,sub-22,clarity,5.0
ds000210,NeuroStorm,sub-22,clarity,
ds000210,Ours,sub-23,clarity,19.0
ds000210,NeuroStorm,sub-23,clarity,
ds000210,Ours,sub-24,clarity,42.0
ds000210,NeuroStorm,sub-24,clarity,
ds000210,Ours,sub-25,clarity,15.0
ds000210,NeuroStorm,sub-25,clarity,
ds000210,Ours,sub-26,clarity,37.0
ds000210,NeuroStorm,sub-26,clarity,
ds000210,Ours,sub-27,clarity,10.0
ds000210,NeuroStorm,sub-27,clarity,
ds000210,Ours,sub-28,clarity,30.0
ds000210,NeuroStorm,sub-28,clarity,
ds000210,Ours,sub-29,clarity,26.0
ds000210,NeuroStorm,sub-29,clarity,
ds000210,Ours,sub-30,clarity,7.0
ds000210,NeuroStorm,sub-30,clarity,
ds000210,Ours,sub-31,clarity,44.0
ds000210,NeuroStorm,sub-31,clarity,
ds002835,Ours,sub-0217,vivRating,26.0
ds002835,NeuroStorm,sub-0217,vivRating,
ds002835,Ours,sub-0484,vivRating,18.0
ds002835,NeuroStorm,sub-0484,vivRating,
ds002835,Ours,sub-0914,vivRating,48.0
ds002835,NeuroStorm,sub-0914,vivRating,
ds002835,Ours,sub-1052,vivRating,17.0
ds002835,NeuroStorm,sub-1052,vivRating,
ds002835,Ours,sub-1054,vivRating,27.0
ds002835,NeuroStorm,sub-1054,vivRating,
ds002835,Ours,sub-1059,vivRating,1.0
ds002835,NeuroStorm,sub-1059,vivRating,
ds002835,Ours,sub-1060,vivRating,36.0
ds002835,NeuroStorm,sub-1060,vivRating,
ds002835,Ours,sub-1061,vivRating,36.0
ds002835,NeuroStorm,sub-1061,vivRating,
ds002835,Ours,sub-1064,vivRating,25.0
ds002835,NeuroStorm,sub-1064,vivRating,
ds002835,Ours,sub-1065,vivRating,42.0
ds002835,NeuroStorm,sub-1065,vivRating,
ds002835,Ours,sub-1066,vivRating,27.0
ds002835,NeuroStorm,sub-1066,vivRating,
ds002835,Ours,sub-1067,vivRating,5.0
ds002835,NeuroStorm,sub-1067,vivRating,
ds002835,Ours,sub-1068,vivRating,33.0
ds002835,NeuroStorm,sub-1068,vivRating,
ds002835,Ours,sub-1069,vivRating,18.0
ds002835,NeuroStorm,sub-1069,vivRating,
ds002835,Ours,sub-1093,vivRating,5.0
ds002835,NeuroStorm,sub-1093,vivRating,
ds002835,Ours,sub-1433,vivRating,19.0
ds002835,NeuroStorm,sub-1433,vivRating,
ds002835,Ours,sub-2026,vivRating,12.0
ds002835,NeuroStorm,sub-2026,vivRating,
ds002835,Ours,sub-2031,vivRating,42.0
ds002835,NeuroStorm,sub-2031,vivRating,
ds002835,Ours,sub-2044,vivRating,2.0
ds002835,NeuroStorm,sub-2044,vivRating,
ds002835,Ours,sub-2123,vivRating,7.0
ds002835,NeuroStorm,sub-2123,vivRating,
ds002835,Ours,sub-2124,vivRating,35.0
ds002835,NeuroStorm,sub-2124,vivRating,
ds002835,Ours,sub-2503,vivRating,4.0
ds002835,NeuroStorm,sub-2503,vivRating,
ds002835,Ours,sub-2515,vivRating,46.0
ds002835,NeuroStorm,sub-2515,vivRating,
ds002835,Ours,sub-3006,vivRating,46.0
ds002835,NeuroStorm,sub-3006,vivRating,
ds002835,Ours,sub-3557,vivRating,18.0
ds002835,NeuroStorm,sub-3557,vivRating,
ds002835,Ours,sub-3593,vivRating,18.0
ds002835,NeuroStorm,sub-3593,vivRating,
ds002835,Ours,sub-0217,valRating,16.0
ds002835,NeuroStorm,sub-0217,valRating,
ds002835,Ours,sub-0484,valRating,18.0
ds002835,NeuroStorm,sub-0484,valRating,
ds002835,Ours,sub-0914,valRating,47.0
ds002835,NeuroStorm,sub-0914,valRating,
ds002835,Ours,sub-1052,valRating,33.0
ds002835,NeuroStorm,sub-1052,valRating,
ds002835,Ours,sub-1054,valRating,9.0
ds002835,NeuroStorm,sub-1054,valRating,
ds002835,Ours,sub-1059,valRating,1.0
ds002835,NeuroStorm,sub-1059,valRating,
ds002835,Ours,sub-1060,valRating,37.0
ds002835,NeuroStorm,sub-1060,valRating,
ds002835,Ours,sub-1061,valRating,2.0
ds002835,NeuroStorm,sub-1061,valRating,
ds002835,Ours,sub-1064,valRating,12.0
ds002835,NeuroStorm,sub-1064,valRating,
ds002835,Ours,sub-1065,valRating,36.0
ds002835,NeuroStorm,sub-1065,valRating,
ds002835,Ours,sub-1066,valRating,42.0
ds002835,NeuroStorm,sub-1066,valRating,
ds002835,Ours,sub-1067,valRating,49.0
ds002835,NeuroStorm,sub-1067,valRating,
ds002835,Ours,sub-1068,valRating,30.0
ds002835,NeuroStorm,sub-1068,valRating,
ds002835,Ours,sub-1069,valRating,36.0
ds002835,NeuroStorm,sub-1069,valRating,
ds002835,Ours,sub-1093,valRating,17.0
ds002835,NeuroStorm,sub-1093,valRating,
ds002835,Ours,sub-1433,valRating,2.0
ds002835,NeuroStorm,sub-1433,valRating,
ds002835,Ours,sub-2026,valRating,34.0
ds002835,NeuroStorm,sub-2026,valRating,
ds002835,Ours,sub-2031,valRating,48.0
ds002835,NeuroStorm,sub-2031,valRating,
ds002835,Ours,sub-2044,valRating,33.0
ds002835,NeuroStorm,sub-2044,valRating,
ds002835,Ours,sub-2123,valRating,36.0
ds002835,NeuroStorm,sub-2123,valRating,
ds002835,Ours,sub-2124,valRating,35.0
ds002835,NeuroStorm,sub-2124,valRating,
ds002835,Ours,sub-2503,valRating,33.0
ds002835,NeuroStorm,sub-2503,valRating,
ds002835,Ours,sub-2515,valRating,31.0
ds002835,NeuroStorm,sub-2515,valRating,
ds002835,Ours,sub-3006,valRating,0.0
ds002835,NeuroStorm,sub-3006,valRating,
ds002835,Ours,sub-3557,valRating,48.0
ds002835,NeuroStorm,sub-3557,valRating,
ds002835,Ours,sub-3593,valRating,24.0
ds002835,NeuroStorm,sub-3593,valRating,
