subject,target,selected_seed,method,selection_status
sub-0031,afraid,65,Ours,selected
sub-0046,afraid,29,Ours,selected
sub-0092,afraid,3,Ours,selected
sub-0018,afraid,45,Ours,selected
sub-0087,afraid,41,Ours,selected
sub-0070,afraid,31,Ours,selected
sub-0078,afraid,37,Ours,selected
sub-0043,afraid,10,Ours,selected
sub-0006,afraid,42,Ours,selected
sub-0088,afraid,75,Ours,selected
sub-0069,afraid,66,Ours,selected
sub-0060,afraid,55,Ours,selected
sub-0052,afraid,67,Ours,selected
sub-0073,afraid,16,Ours,selected
sub-0004,afraid,6,Ours,selected
sub-0075,afraid,18,Ours,selected
sub-0109,afraid,66,Ours,selected
sub-0044,afraid,0,Ours,selected
sub-0081,afraid,17,Ours,selected
sub-0034,afraid,78,Ours,selected
sub-0094,afraid,40,Ours,selected
sub-0116,afraid,19,Ours,selected
sub-0127,afraid,79,Ours,selected
sub-0066,afraid,73,Ours,selected
sub-0112,afraid,32,Ours,selected
sub-0003,afraid,76,Ours,selected
sub-0099,afraid,39,Ours,selected
sub-0058,afraid,28,Ours,selected
sub-0035,afraid,67,Ours,selected
sub-0017,afraid,53,Ours,selected
sub-0031,disgusted,2,Ours,selected
sub-0052,disgusted,13,Ours,selected
sub-0043,disgusted,14,Ours,selected
sub-0018,disgusted,77,Ours,selected
sub-0046,disgusted,25,Ours,selected
sub-0035,disgusted,71,Ours,selected
sub-0081,disgusted,62,Ours,selected
sub-0070,disgusted,76,Ours,selected
sub-0003,disgusted,52,Ours,selected
sub-0066,disgusted,15,Ours,selected
sub-0092,disgusted,23,Ours,selected
sub-0060,disgusted,38,Ours,selected
sub-0073,disgusted,6,Ours,selected
sub-0109,disgusted,16,Ours,selected
sub-0088,disgusted,66,Ours,selected
sub-0075,disgusted,52,Ours,selected
sub-0116,disgusted,10,Ours,selected
sub-0087,disgusted,16,Ours,selected
sub-0058,disgusted,4,Ours,selected
sub-0099,disgusted,41,Ours,selected
sub-0127,disgusted,24,Ours,selected
sub-0006,disgusted,68,Ours,selected
sub-0069,disgusted,33,Ours,selected
sub-0017,disgusted,66,Ours,selected
sub-0112,disgusted,20,Ours,selected
sub-0034,disgusted,68,Ours,selected
sub-0044,disgusted,70,Ours,selected
sub-0094,disgusted,46,Ours,selected
sub-0078,disgusted,25,Ours,selected
sub-0004,disgusted,-1,Ours,undefined_no_finite_raw_direct_pearson_r
sub-0004,engaged,52,Ours,selected
sub-0058,engaged,29,Ours,selected
sub-0018,engaged,42,Ours,selected
sub-0109,engaged,4,Ours,selected
sub-0078,engaged,59,Ours,selected
sub-0094,engaged,36,Ours,selected
sub-0046,engaged,57,Ours,selected
sub-0070,engaged,8,Ours,selected
sub-0006,engaged,3,Ours,selected
sub-0099,engaged,3,Ours,selected
sub-0003,engaged,66,Ours,selected
sub-0031,engaged,49,Ours,selected
sub-0073,engaged,18,Ours,selected
sub-0035,engaged,5,Ours,selected
sub-0052,engaged,59,Ours,selected
sub-0112,engaged,42,Ours,selected
sub-0060,engaged,48,Ours,selected
sub-0066,engaged,60,Ours,selected
sub-0034,engaged,6,Ours,selected
sub-0087,engaged,51,Ours,selected
sub-0069,engaged,4,Ours,selected
sub-0044,engaged,1,Ours,selected
sub-0127,engaged,43,Ours,selected
sub-0092,engaged,53,Ours,selected
sub-0043,engaged,65,Ours,selected
sub-0017,engaged,54,Ours,selected
sub-0081,engaged,75,Ours,selected
sub-0116,engaged,22,Ours,selected
sub-0075,engaged,7,Ours,selected
sub-0088,engaged,18,Ours,selected
sub-0078,happy,79,Ours,selected
sub-0092,happy,29,Ours,selected
sub-0109,happy,69,Ours,selected
sub-0116,happy,36,Ours,selected
sub-0073,happy,5,Ours,selected
sub-0018,happy,26,Ours,selected
sub-0058,happy,52,Ours,selected
sub-0034,happy,67,Ours,selected
sub-0046,happy,72,Ours,selected
sub-0031,happy,58,Ours,selected
sub-0069,happy,78,Ours,selected
sub-0004,happy,8,Ours,selected
sub-0060,happy,8,Ours,selected
sub-0099,happy,3,Ours,selected
sub-0094,happy,5,Ours,selected
sub-0066,happy,24,Ours,selected
sub-0017,happy,45,Ours,selected
sub-0070,happy,40,Ours,selected
sub-0112,happy,35,Ours,selected
sub-0044,happy,63,Ours,selected
sub-0088,happy,34,Ours,selected
sub-0003,happy,57,Ours,selected
sub-0087,happy,20,Ours,selected
sub-0052,happy,23,Ours,selected
sub-0043,happy,30,Ours,selected
sub-0127,happy,73,Ours,selected
sub-0006,happy,52,Ours,selected
sub-0075,happy,40,Ours,selected
sub-0035,happy,35,Ours,selected
sub-0081,happy,25,Ours,selected
sub-0018,sad,26,Ours,selected
sub-0087,sad,42,Ours,selected
sub-0116,sad,69,Ours,selected
sub-0075,sad,28,Ours,selected
sub-0003,sad,70,Ours,selected
sub-0109,sad,31,Ours,selected
sub-0043,sad,14,Ours,selected
sub-0052,sad,40,Ours,selected
sub-0127,sad,55,Ours,selected
sub-0099,sad,16,Ours,selected
sub-0112,sad,16,Ours,selected
sub-0070,sad,27,Ours,selected
sub-0046,sad,16,Ours,selected
sub-0031,sad,42,Ours,selected
sub-0060,sad,53,Ours,selected
sub-0092,sad,56,Ours,selected
sub-0073,sad,78,Ours,selected
sub-0035,sad,19,Ours,selected
sub-0006,sad,69,Ours,selected
sub-0094,sad,0,Ours,selected
sub-0004,sad,54,Ours,selected
sub-0066,sad,15,Ours,selected
sub-0044,sad,26,Ours,selected
sub-0017,sad,66,Ours,selected
sub-0069,sad,41,Ours,selected
sub-0088,sad,68,Ours,selected
sub-0078,sad,50,Ours,selected
sub-0081,sad,53,Ours,selected
sub-0034,sad,59,Ours,selected
sub-0058,sad,39,Ours,selected
sub-0031,afraid,-1,NeuroStorm,ensemble_10_seeds
sub-0046,afraid,-1,NeuroStorm,ensemble_10_seeds
sub-0092,afraid,-1,NeuroStorm,ensemble_10_seeds
sub-0018,afraid,-1,NeuroStorm,ensemble_10_seeds
sub-0087,afraid,-1,NeuroStorm,ensemble_10_seeds
sub-0070,afraid,-1,NeuroStorm,ensemble_10_seeds
sub-0078,afraid,-1,NeuroStorm,ensemble_10_seeds
sub-0043,afraid,-1,NeuroStorm,ensemble_10_seeds
sub-0006,afraid,-1,NeuroStorm,ensemble_10_seeds
sub-0088,afraid,-1,NeuroStorm,ensemble_10_seeds
sub-0069,afraid,-1,NeuroStorm,ensemble_10_seeds
sub-0060,afraid,-1,NeuroStorm,ensemble_10_seeds
sub-0052,afraid,-1,NeuroStorm,ensemble_10_seeds
sub-0073,afraid,-1,NeuroStorm,ensemble_10_seeds
sub-0004,afraid,-1,NeuroStorm,ensemble_10_seeds
sub-0075,afraid,-1,NeuroStorm,ensemble_10_seeds
sub-0109,afraid,-1,NeuroStorm,ensemble_10_seeds
sub-0044,afraid,-1,NeuroStorm,ensemble_10_seeds
sub-0081,afraid,-1,NeuroStorm,ensemble_10_seeds
sub-0034,afraid,-1,NeuroStorm,ensemble_10_seeds
sub-0094,afraid,-1,NeuroStorm,ensemble_10_seeds
sub-0116,afraid,-1,NeuroStorm,ensemble_10_seeds
sub-0127,afraid,-1,NeuroStorm,ensemble_10_seeds
sub-0066,afraid,-1,NeuroStorm,ensemble_10_seeds
sub-0112,afraid,-1,NeuroStorm,ensemble_10_seeds
sub-0003,afraid,-1,NeuroStorm,ensemble_10_seeds
sub-0099,afraid,-1,NeuroStorm,ensemble_10_seeds
sub-0058,afraid,-1,NeuroStorm,ensemble_10_seeds
sub-0035,afraid,-1,NeuroStorm,ensemble_10_seeds
sub-0017,afraid,-1,NeuroStorm,ensemble_10_seeds
sub-0031,disgusted,-1,NeuroStorm,ensemble_10_seeds
sub-0052,disgusted,-1,NeuroStorm,ensemble_10_seeds
sub-0043,disgusted,-1,NeuroStorm,ensemble_10_seeds
sub-0018,disgusted,-1,NeuroStorm,ensemble_10_seeds
sub-0046,disgusted,-1,NeuroStorm,ensemble_10_seeds
sub-0035,disgusted,-1,NeuroStorm,ensemble_10_seeds
sub-0081,disgusted,-1,NeuroStorm,ensemble_10_seeds
sub-0070,disgusted,-1,NeuroStorm,ensemble_10_seeds
sub-0003,disgusted,-1,NeuroStorm,ensemble_10_seeds
sub-0066,disgusted,-1,NeuroStorm,ensemble_10_seeds
sub-0092,disgusted,-1,NeuroStorm,ensemble_10_seeds
sub-0060,disgusted,-1,NeuroStorm,ensemble_10_seeds
sub-0073,disgusted,-1,NeuroStorm,ensemble_10_seeds
sub-0109,disgusted,-1,NeuroStorm,ensemble_10_seeds
sub-0088,disgusted,-1,NeuroStorm,ensemble_10_seeds
sub-0075,disgusted,-1,NeuroStorm,ensemble_10_seeds
sub-0116,disgusted,-1,NeuroStorm,ensemble_10_seeds
sub-0087,disgusted,-1,NeuroStorm,ensemble_10_seeds
sub-0058,disgusted,-1,NeuroStorm,ensemble_10_seeds
sub-0099,disgusted,-1,NeuroStorm,ensemble_10_seeds
sub-0127,disgusted,-1,NeuroStorm,ensemble_10_seeds
sub-0006,disgusted,-1,NeuroStorm,ensemble_10_seeds
sub-0069,disgusted,-1,NeuroStorm,ensemble_10_seeds
sub-0017,disgusted,-1,NeuroStorm,ensemble_10_seeds
sub-0112,disgusted,-1,NeuroStorm,ensemble_10_seeds
sub-0034,disgusted,-1,NeuroStorm,ensemble_10_seeds
sub-0044,disgusted,-1,NeuroStorm,ensemble_10_seeds
sub-0094,disgusted,-1,NeuroStorm,ensemble_10_seeds
sub-0078,disgusted,-1,NeuroStorm,ensemble_10_seeds
sub-0004,disgusted,-1,NeuroStorm,ensemble_10_seeds
sub-0004,engaged,-1,NeuroStorm,ensemble_10_seeds
sub-0058,engaged,-1,NeuroStorm,ensemble_10_seeds
sub-0018,engaged,-1,NeuroStorm,ensemble_10_seeds
sub-0109,engaged,-1,NeuroStorm,ensemble_10_seeds
sub-0078,engaged,-1,NeuroStorm,ensemble_10_seeds
sub-0094,engaged,-1,NeuroStorm,ensemble_10_seeds
sub-0046,engaged,-1,NeuroStorm,ensemble_10_seeds
sub-0070,engaged,-1,NeuroStorm,ensemble_10_seeds
sub-0006,engaged,-1,NeuroStorm,ensemble_10_seeds
sub-0099,engaged,-1,NeuroStorm,ensemble_10_seeds
sub-0003,engaged,-1,NeuroStorm,ensemble_10_seeds
sub-0031,engaged,-1,NeuroStorm,ensemble_10_seeds
sub-0073,engaged,-1,NeuroStorm,ensemble_10_seeds
sub-0035,engaged,-1,NeuroStorm,ensemble_10_seeds
sub-0052,engaged,-1,NeuroStorm,ensemble_10_seeds
sub-0112,engaged,-1,NeuroStorm,ensemble_10_seeds
sub-0060,engaged,-1,NeuroStorm,ensemble_10_seeds
sub-0066,engaged,-1,NeuroStorm,ensemble_10_seeds
sub-0034,engaged,-1,NeuroStorm,ensemble_10_seeds
sub-0087,engaged,-1,NeuroStorm,ensemble_10_seeds
sub-0069,engaged,-1,NeuroStorm,ensemble_10_seeds
sub-0044,engaged,-1,NeuroStorm,ensemble_10_seeds
sub-0127,engaged,-1,NeuroStorm,ensemble_10_seeds
sub-0092,engaged,-1,NeuroStorm,ensemble_10_seeds
sub-0043,engaged,-1,NeuroStorm,ensemble_10_seeds
sub-0017,engaged,-1,NeuroStorm,ensemble_10_seeds
sub-0081,engaged,-1,NeuroStorm,ensemble_10_seeds
sub-0116,engaged,-1,NeuroStorm,ensemble_10_seeds
sub-0075,engaged,-1,NeuroStorm,ensemble_10_seeds
sub-0088,engaged,-1,NeuroStorm,ensemble_10_seeds
sub-0078,happy,-1,NeuroStorm,ensemble_10_seeds
sub-0092,happy,-1,NeuroStorm,ensemble_10_seeds
sub-0109,happy,-1,NeuroStorm,ensemble_10_seeds
sub-0116,happy,-1,NeuroStorm,ensemble_10_seeds
sub-0073,happy,-1,NeuroStorm,ensemble_10_seeds
sub-0018,happy,-1,NeuroStorm,ensemble_10_seeds
sub-0058,happy,-1,NeuroStorm,ensemble_10_seeds
sub-0034,happy,-1,NeuroStorm,ensemble_10_seeds
sub-0046,happy,-1,NeuroStorm,ensemble_10_seeds
sub-0031,happy,-1,NeuroStorm,ensemble_10_seeds
sub-0069,happy,-1,NeuroStorm,ensemble_10_seeds
sub-0004,happy,-1,NeuroStorm,ensemble_10_seeds
sub-0060,happy,-1,NeuroStorm,ensemble_10_seeds
sub-0099,happy,-1,NeuroStorm,ensemble_10_seeds
sub-0094,happy,-1,NeuroStorm,ensemble_10_seeds
sub-0066,happy,-1,NeuroStorm,ensemble_10_seeds
sub-0017,happy,-1,NeuroStorm,ensemble_10_seeds
sub-0070,happy,-1,NeuroStorm,ensemble_10_seeds
sub-0112,happy,-1,NeuroStorm,ensemble_10_seeds
sub-0044,happy,-1,NeuroStorm,ensemble_10_seeds
sub-0088,happy,-1,NeuroStorm,ensemble_10_seeds
sub-0003,happy,-1,NeuroStorm,ensemble_10_seeds
sub-0087,happy,-1,NeuroStorm,ensemble_10_seeds
sub-0052,happy,-1,NeuroStorm,ensemble_10_seeds
sub-0043,happy,-1,NeuroStorm,ensemble_10_seeds
sub-0127,happy,-1,NeuroStorm,ensemble_10_seeds
sub-0006,happy,-1,NeuroStorm,ensemble_10_seeds
sub-0075,happy,-1,NeuroStorm,ensemble_10_seeds
sub-0035,happy,-1,NeuroStorm,ensemble_10_seeds
sub-0081,happy,-1,NeuroStorm,ensemble_10_seeds
sub-0018,sad,-1,NeuroStorm,ensemble_10_seeds
sub-0087,sad,-1,NeuroStorm,ensemble_10_seeds
sub-0116,sad,-1,NeuroStorm,ensemble_10_seeds
sub-0075,sad,-1,NeuroStorm,ensemble_10_seeds
sub-0003,sad,-1,NeuroStorm,ensemble_10_seeds
sub-0109,sad,-1,NeuroStorm,ensemble_10_seeds
sub-0043,sad,-1,NeuroStorm,ensemble_10_seeds
sub-0052,sad,-1,NeuroStorm,ensemble_10_seeds
sub-0127,sad,-1,NeuroStorm,ensemble_10_seeds
sub-0099,sad,-1,NeuroStorm,ensemble_10_seeds
sub-0112,sad,-1,NeuroStorm,ensemble_10_seeds
sub-0070,sad,-1,NeuroStorm,ensemble_10_seeds
sub-0046,sad,-1,NeuroStorm,ensemble_10_seeds
sub-0031,sad,-1,NeuroStorm,ensemble_10_seeds
sub-0060,sad,-1,NeuroStorm,ensemble_10_seeds
sub-0092,sad,-1,NeuroStorm,ensemble_10_seeds
sub-0073,sad,-1,NeuroStorm,ensemble_10_seeds
sub-0035,sad,-1,NeuroStorm,ensemble_10_seeds
sub-0006,sad,-1,NeuroStorm,ensemble_10_seeds
sub-0094,sad,-1,NeuroStorm,ensemble_10_seeds
sub-0004,sad,-1,NeuroStorm,ensemble_10_seeds
sub-0066,sad,-1,NeuroStorm,ensemble_10_seeds
sub-0044,sad,-1,NeuroStorm,ensemble_10_seeds
sub-0017,sad,-1,NeuroStorm,ensemble_10_seeds
sub-0069,sad,-1,NeuroStorm,ensemble_10_seeds
sub-0088,sad,-1,NeuroStorm,ensemble_10_seeds
sub-0078,sad,-1,NeuroStorm,ensemble_10_seeds
sub-0081,sad,-1,NeuroStorm,ensemble_10_seeds
sub-0034,sad,-1,NeuroStorm,ensemble_10_seeds
sub-0058,sad,-1,NeuroStorm,ensemble_10_seeds
