subject,neurostorm_selected_seed,ours_selected_seed,neurostorm_initialization,ours_initialization,neurostorm_mae_epoch,ours_mae_epoch,neurostorm_checkpoint_sha256,ours_checkpoint_sha256
sub-0001,3,1,crossdataset,crossdataset,0,0,10fc4541e0e5e92f7560edd6a7072332a33bb22d422c103ea2b320b1bc67e719,7a70e30bb760ca95e021f27e0ad9e89257bc51f827c960d0e324d8c5e4fff463
sub-0003,3,3,crossdataset,crossdataset,0,0,10fc4541e0e5e92f7560edd6a7072332a33bb22d422c103ea2b320b1bc67e719,10fc4541e0e5e92f7560edd6a7072332a33bb22d422c103ea2b320b1bc67e719
sub-0004,1,1,crossdataset,crossdataset,0,0,7a70e30bb760ca95e021f27e0ad9e89257bc51f827c960d0e324d8c5e4fff463,7a70e30bb760ca95e021f27e0ad9e89257bc51f827c960d0e324d8c5e4fff463
sub-0005,3,3,crossdataset,crossdataset,0,0,10fc4541e0e5e92f7560edd6a7072332a33bb22d422c103ea2b320b1bc67e719,10fc4541e0e5e92f7560edd6a7072332a33bb22d422c103ea2b320b1bc67e719
sub-0006,3,1,crossdataset,crossdataset,0,0,10fc4541e0e5e92f7560edd6a7072332a33bb22d422c103ea2b320b1bc67e719,7a70e30bb760ca95e021f27e0ad9e89257bc51f827c960d0e324d8c5e4fff463
sub-0007,1,1,crossdataset,crossdataset,0,0,7a70e30bb760ca95e021f27e0ad9e89257bc51f827c960d0e324d8c5e4fff463,7a70e30bb760ca95e021f27e0ad9e89257bc51f827c960d0e324d8c5e4fff463
sub-0008,3,3,crossdataset,crossdataset,0,0,10fc4541e0e5e92f7560edd6a7072332a33bb22d422c103ea2b320b1bc67e719,10fc4541e0e5e92f7560edd6a7072332a33bb22d422c103ea2b320b1bc67e719
sub-0010,3,0,crossdataset,crossdataset,0,0,10fc4541e0e5e92f7560edd6a7072332a33bb22d422c103ea2b320b1bc67e719,1c4def448bf8ca68239c7bf1cfe115e35e2a63b2f127b97a4bf76b41ca2e8e83
sub-0013,3,3,crossdataset,crossdataset,0,0,10fc4541e0e5e92f7560edd6a7072332a33bb22d422c103ea2b320b1bc67e719,10fc4541e0e5e92f7560edd6a7072332a33bb22d422c103ea2b320b1bc67e719
sub-0016,0,0,crossdataset,crossdataset,0,0,1c4def448bf8ca68239c7bf1cfe115e35e2a63b2f127b97a4bf76b41ca2e8e83,1c4def448bf8ca68239c7bf1cfe115e35e2a63b2f127b97a4bf76b41ca2e8e83
sub-0017,1,1,crossdataset,crossdataset,0,0,7a70e30bb760ca95e021f27e0ad9e89257bc51f827c960d0e324d8c5e4fff463,7a70e30bb760ca95e021f27e0ad9e89257bc51f827c960d0e324d8c5e4fff463
sub-0018,3,3,crossdataset,crossdataset,0,0,10fc4541e0e5e92f7560edd6a7072332a33bb22d422c103ea2b320b1bc67e719,10fc4541e0e5e92f7560edd6a7072332a33bb22d422c103ea2b320b1bc67e719
sub-0019,1,1,crossdataset,crossdataset,0,0,7a70e30bb760ca95e021f27e0ad9e89257bc51f827c960d0e324d8c5e4fff463,7a70e30bb760ca95e021f27e0ad9e89257bc51f827c960d0e324d8c5e4fff463
sub-0021,1,1,crossdataset,crossdataset,0,0,7a70e30bb760ca95e021f27e0ad9e89257bc51f827c960d0e324d8c5e4fff463,7a70e30bb760ca95e021f27e0ad9e89257bc51f827c960d0e324d8c5e4fff463
sub-0024,1,1,crossdataset,crossdataset,0,0,7a70e30bb760ca95e021f27e0ad9e89257bc51f827c960d0e324d8c5e4fff463,7a70e30bb760ca95e021f27e0ad9e89257bc51f827c960d0e324d8c5e4fff463
sub-0025,3,3,crossdataset,crossdataset,0,0,10fc4541e0e5e92f7560edd6a7072332a33bb22d422c103ea2b320b1bc67e719,10fc4541e0e5e92f7560edd6a7072332a33bb22d422c103ea2b320b1bc67e719
sub-0026,3,3,crossdataset,crossdataset,0,0,10fc4541e0e5e92f7560edd6a7072332a33bb22d422c103ea2b320b1bc67e719,10fc4541e0e5e92f7560edd6a7072332a33bb22d422c103ea2b320b1bc67e719
sub-0029,1,3,crossdataset,crossdataset,0,0,7a70e30bb760ca95e021f27e0ad9e89257bc51f827c960d0e324d8c5e4fff463,10fc4541e0e5e92f7560edd6a7072332a33bb22d422c103ea2b320b1bc67e719
sub-0031,0,3,crossdataset,crossdataset,0,0,1c4def448bf8ca68239c7bf1cfe115e35e2a63b2f127b97a4bf76b41ca2e8e83,10fc4541e0e5e92f7560edd6a7072332a33bb22d422c103ea2b320b1bc67e719
sub-0033,0,3,crossdataset,crossdataset,0,0,1c4def448bf8ca68239c7bf1cfe115e35e2a63b2f127b97a4bf76b41ca2e8e83,10fc4541e0e5e92f7560edd6a7072332a33bb22d422c103ea2b320b1bc67e719
sub-0034,3,3,crossdataset,crossdataset,0,0,10fc4541e0e5e92f7560edd6a7072332a33bb22d422c103ea2b320b1bc67e719,10fc4541e0e5e92f7560edd6a7072332a33bb22d422c103ea2b320b1bc67e719
sub-0035,1,3,crossdataset,crossdataset,0,0,7a70e30bb760ca95e021f27e0ad9e89257bc51f827c960d0e324d8c5e4fff463,10fc4541e0e5e92f7560edd6a7072332a33bb22d422c103ea2b320b1bc67e719
sub-0036,3,3,crossdataset,crossdataset,0,0,10fc4541e0e5e92f7560edd6a7072332a33bb22d422c103ea2b320b1bc67e719,10fc4541e0e5e92f7560edd6a7072332a33bb22d422c103ea2b320b1bc67e719
sub-0037,3,1,crossdataset,crossdataset,0,0,10fc4541e0e5e92f7560edd6a7072332a33bb22d422c103ea2b320b1bc67e719,7a70e30bb760ca95e021f27e0ad9e89257bc51f827c960d0e324d8c5e4fff463
sub-0040,3,3,crossdataset,crossdataset,0,0,10fc4541e0e5e92f7560edd6a7072332a33bb22d422c103ea2b320b1bc67e719,10fc4541e0e5e92f7560edd6a7072332a33bb22d422c103ea2b320b1bc67e719
sub-0041,3,3,crossdataset,crossdataset,0,0,10fc4541e0e5e92f7560edd6a7072332a33bb22d422c103ea2b320b1bc67e719,10fc4541e0e5e92f7560edd6a7072332a33bb22d422c103ea2b320b1bc67e719
sub-0044,3,1,crossdataset,crossdataset,0,0,10fc4541e0e5e92f7560edd6a7072332a33bb22d422c103ea2b320b1bc67e719,7a70e30bb760ca95e021f27e0ad9e89257bc51f827c960d0e324d8c5e4fff463
sub-0046,1,3,crossdataset,crossdataset,0,0,7a70e30bb760ca95e021f27e0ad9e89257bc51f827c960d0e324d8c5e4fff463,10fc4541e0e5e92f7560edd6a7072332a33bb22d422c103ea2b320b1bc67e719
sub-0051,1,1,crossdataset,crossdataset,0,0,7a70e30bb760ca95e021f27e0ad9e89257bc51f827c960d0e324d8c5e4fff463,7a70e30bb760ca95e021f27e0ad9e89257bc51f827c960d0e324d8c5e4fff463
sub-0053,4,1,crossdataset,crossdataset,0,0,6a6a1c16b81286407096eb08c7af0e0d0a3d3c6c2d3ea4809840980ef1398aea,7a70e30bb760ca95e021f27e0ad9e89257bc51f827c960d0e324d8c5e4fff463
