run,day,method,accuracy
10,8,Ours,0.9166666666666666
10,8,SPaRCNet,0.8072916666666666
10,14,Ours,0.875
10,14,SPaRCNet,0.8125
10,42,Ours,0.8541666666666666
10,42,SPaRCNet,0.6666666666666666
10,43,Ours,0.7916666666666666
10,43,SPaRCNet,0.6458333333333334
10,204,Ours,0.8333333333333334
10,204,SPaRCNet,0.6458333333333334
10,208,Ours,0.7708333333333334
10,208,SPaRCNet,0.625
11,8,Ours,0.90625
11,8,SPaRCNet,0.8645833333333334
11,14,Ours,0.875
11,14,SPaRCNet,0.8541666666666666
11,42,Ours,0.7708333333333334
11,42,SPaRCNet,0.75
11,43,Ours,0.7291666666666666
11,43,SPaRCNet,0.6666666666666666
11,204,Ours,0.6666666666666666
11,204,SPaRCNet,0.5625
11,208,Ours,0.7291666666666666
11,208,SPaRCNet,0.6041666666666666
18,8,Ours,0.9635416666666666
18,8,SPaRCNet,0.8958333333333334
18,14,Ours,0.8125
18,14,SPaRCNet,0.7083333333333334
18,42,Ours,0.8333333333333334
18,42,SPaRCNet,0.6666666666666666
18,43,Ours,0.7916666666666666
18,43,SPaRCNet,0.7083333333333334
18,204,Ours,0.6458333333333334
18,204,SPaRCNet,0.5625
18,208,Ours,0.7708333333333334
18,208,SPaRCNet,0.4791666666666667
25,8,Ours,0.9010416666666666
25,8,SPaRCNet,0.7239583333333334
25,14,Ours,0.7708333333333334
25,14,SPaRCNet,0.7083333333333334
25,42,Ours,0.7291666666666666
25,42,SPaRCNet,0.7083333333333334
25,43,Ours,0.7916666666666666
25,43,SPaRCNet,0.6666666666666666
25,204,Ours,0.8125
25,204,SPaRCNet,0.5833333333333334
25,208,Ours,0.7708333333333334
25,208,SPaRCNet,0.625
26,8,Ours,0.9583333333333334
26,8,SPaRCNet,0.8125
26,14,Ours,0.8541666666666666
26,14,SPaRCNet,0.7291666666666666
26,42,Ours,0.7916666666666666
26,42,SPaRCNet,0.7083333333333334
26,43,Ours,0.75
26,43,SPaRCNet,0.6666666666666666
26,204,Ours,0.7708333333333334
26,204,SPaRCNet,0.5416666666666666
26,208,Ours,0.6458333333333334
26,208,SPaRCNet,0.375
28,8,Ours,0.9322916666666666
28,8,SPaRCNet,0.7552083333333334
28,14,Ours,0.8333333333333334
28,14,SPaRCNet,0.8541666666666666
28,42,Ours,0.8125
28,42,SPaRCNet,0.5833333333333334
28,43,Ours,0.7916666666666666
28,43,SPaRCNet,0.7291666666666666
28,204,Ours,0.7083333333333334
28,204,SPaRCNet,0.5208333333333334
28,208,Ours,0.6458333333333334
28,208,SPaRCNet,0.4583333333333333
29,8,Ours,0.9375
29,8,SPaRCNet,0.84375
29,14,Ours,0.875
29,14,SPaRCNet,0.7916666666666666
29,42,Ours,0.8333333333333334
29,42,SPaRCNet,0.7708333333333334
29,43,Ours,0.8541666666666666
29,43,SPaRCNet,0.7708333333333334
29,204,Ours,0.75
29,204,SPaRCNet,0.5833333333333334
29,208,Ours,0.7708333333333334
29,208,SPaRCNet,0.6666666666666666
42,8,Ours,0.9427083333333334
42,8,SPaRCNet,0.8177083333333334
42,14,Ours,0.8125
42,14,SPaRCNet,0.7291666666666666
42,42,Ours,0.8333333333333334
42,42,SPaRCNet,0.5833333333333334
42,43,Ours,0.8125
42,43,SPaRCNet,0.625
42,204,Ours,0.75
42,204,SPaRCNet,0.5208333333333334
42,208,Ours,0.7708333333333334
42,208,SPaRCNet,0.5416666666666666
45,8,Ours,0.9114583333333334
45,8,SPaRCNet,0.84375
45,14,Ours,0.8958333333333334
45,14,SPaRCNet,0.8333333333333334
45,42,Ours,0.8333333333333334
45,42,SPaRCNet,0.6666666666666666
45,43,Ours,0.7916666666666666
45,43,SPaRCNet,0.625
45,204,Ours,0.7291666666666666
45,204,SPaRCNet,0.6041666666666666
45,208,Ours,0.6875
45,208,SPaRCNet,0.5625
48,8,Ours,0.9322916666666666
48,8,SPaRCNet,0.796875
48,14,Ours,0.8125
48,14,SPaRCNet,0.7708333333333334
48,42,Ours,0.7708333333333334
48,42,SPaRCNet,0.625
48,43,Ours,0.8541666666666666
48,43,SPaRCNet,0.7291666666666666
48,204,Ours,0.7708333333333334
48,204,SPaRCNet,0.5833333333333334
48,208,Ours,0.7083333333333334
48,208,SPaRCNet,0.4583333333333333
54,8,Ours,0.9270833333333334
54,8,SPaRCNet,0.8177083333333334
54,14,Ours,0.7708333333333334
54,14,SPaRCNet,0.7916666666666666
54,42,Ours,0.7916666666666666
54,42,SPaRCNet,0.6875
54,43,Ours,0.8541666666666666
54,43,SPaRCNet,0.6458333333333334
54,204,Ours,0.7708333333333334
54,204,SPaRCNet,0.5625
54,208,Ours,0.75
54,208,SPaRCNet,0.5625
55,8,Ours,0.9270833333333334
55,8,SPaRCNet,0.8020833333333334
55,14,Ours,0.75
55,14,SPaRCNet,0.6041666666666666
55,42,Ours,0.8125
55,42,SPaRCNet,0.625
55,43,Ours,0.7708333333333334
55,43,SPaRCNet,0.6041666666666666
55,204,Ours,0.6458333333333334
55,204,SPaRCNet,0.5208333333333334
55,208,Ours,0.7083333333333334
55,208,SPaRCNet,0.4583333333333333
61,8,Ours,0.9427083333333334
61,8,SPaRCNet,0.8020833333333334
61,14,Ours,0.7708333333333334
61,14,SPaRCNet,0.75
61,42,Ours,0.8125
61,42,SPaRCNet,0.6875
61,43,Ours,0.8125
61,43,SPaRCNet,0.6041666666666666
61,204,Ours,0.7291666666666666
61,204,SPaRCNet,0.5208333333333334
61,208,Ours,0.7083333333333334
61,208,SPaRCNet,0.5625
68,8,Ours,0.9375
68,8,SPaRCNet,0.8177083333333334
68,14,Ours,0.8541666666666666
68,14,SPaRCNet,0.7083333333333334
68,42,Ours,0.7708333333333334
68,42,SPaRCNet,0.6666666666666666
68,43,Ours,0.8541666666666666
68,43,SPaRCNet,0.7083333333333334
68,204,Ours,0.7708333333333334
68,204,SPaRCNet,0.5833333333333334
68,208,Ours,0.6458333333333334
68,208,SPaRCNet,0.4791666666666667
71,8,Ours,0.9270833333333334
71,8,SPaRCNet,0.8177083333333334
71,14,Ours,0.9166666666666666
71,14,SPaRCNet,0.7708333333333334
71,42,Ours,0.875
71,42,SPaRCNet,0.75
71,43,Ours,0.8125
71,43,SPaRCNet,0.6875
71,204,Ours,0.7916666666666666
71,204,SPaRCNet,0.7083333333333334
71,208,Ours,0.6875
71,208,SPaRCNet,0.5
76,8,Ours,0.9322916666666666
76,8,SPaRCNet,0.796875
76,14,Ours,0.8541666666666666
76,14,SPaRCNet,0.8125
76,42,Ours,0.7916666666666666
76,42,SPaRCNet,0.75
76,43,Ours,0.7291666666666666
76,43,SPaRCNet,0.625
76,204,Ours,0.75
76,204,SPaRCNet,0.4791666666666667
76,208,Ours,0.6458333333333334
76,208,SPaRCNet,0.4166666666666667
84,8,Ours,0.9479166666666666
84,8,SPaRCNet,0.8645833333333334
84,14,Ours,0.7916666666666666
84,14,SPaRCNet,0.6875
84,42,Ours,0.7708333333333334
84,42,SPaRCNet,0.7291666666666666
84,43,Ours,0.8333333333333334
84,43,SPaRCNet,0.75
84,204,Ours,0.5833333333333334
84,204,SPaRCNet,0.5
84,208,Ours,0.6666666666666666
84,208,SPaRCNet,0.5208333333333334
88,8,Ours,0.9322916666666666
88,8,SPaRCNet,0.8125
88,14,Ours,0.8125
88,14,SPaRCNet,0.7291666666666666
88,42,Ours,0.8333333333333334
88,42,SPaRCNet,0.7916666666666666
88,43,Ours,0.7916666666666666
88,43,SPaRCNet,0.6041666666666666
88,204,Ours,0.7083333333333334
88,204,SPaRCNet,0.5833333333333334
88,208,Ours,0.75
88,208,SPaRCNet,0.4791666666666667
92,8,Ours,0.9166666666666666
92,8,SPaRCNet,0.734375
92,14,Ours,0.8333333333333334
92,14,SPaRCNet,0.7708333333333334
92,42,Ours,0.75
92,42,SPaRCNet,0.6666666666666666
92,43,Ours,0.8125
92,43,SPaRCNet,0.6458333333333334
92,204,Ours,0.7916666666666666
92,204,SPaRCNet,0.5625
92,208,Ours,0.625
92,208,SPaRCNet,0.4166666666666667
96,8,Ours,0.921875
96,8,SPaRCNet,0.84375
96,14,Ours,0.7916666666666666
96,14,SPaRCNet,0.7916666666666666
96,42,Ours,0.75
96,42,SPaRCNet,0.7083333333333334
96,43,Ours,0.8541666666666666
96,43,SPaRCNet,0.75
96,204,Ours,0.6666666666666666
96,204,SPaRCNet,0.5
96,208,Ours,0.6458333333333334
96,208,SPaRCNet,0.4166666666666667
