day,method,mean,std,count
8,Ours,0.9307291666666666,0.016039815340881912,20
8,SPaRCNet,0.8135416666666666,0.04189220755813147,20
14,Ours,0.828125,0.04627725607492906,20
14,SPaRCNet,0.7604166666666667,0.06176468028731427,20
42,Ours,0.8010416666666667,0.03851869277354122,20
42,SPaRCNet,0.6895833333333333,0.058105759092934015,20
43,Ours,0.8041666666666666,0.03964388259114622,20
43,SPaRCNet,0.6729166666666667,0.05326510163917441,20
204,Ours,0.7322916666666667,0.06386484896050827,20
204,SPaRCNet,0.5614583333333334,0.05342568416099298,20
208,Ours,0.7052083333333334,0.05247658556121711,20
208,SPaRCNet,0.5104166666666667,0.08096977090970181,20
