subject,hemisphere,rank_band,first_mode,last_mode,n_modes,mean_symmetric_difference_percent,median_symmetric_difference_percent,sd_symmetric_difference_percent,q25_symmetric_difference_percent,q75_symmetric_difference_percent
sub-18,left,1–10,1,10,10,8.764752646048429,5.051099692810543,6.432735912774869,4.890151987365526,11.801677072610914
sub-18,left,11–50,11,50,40,2.271291347713004,1.4509406461923184,2.157465825465678,0.7915482253374719,3.2104618072515527
sub-18,left,51–200,51,200,150,0.5721382580206775,0.358052006355358,0.6260439089479973,0.17457389119020345,0.7683202881970996
sub-18,left,201–1000,201,1000,800,0.6753165936217086,0.6993417990296744,0.3559515656391588,0.37545843714830673,0.9775316301375279
sub-22,left,1–10,1,10,10,8.30951167081918,7.019854239370259,7.45462268370334,3.0385266589970326,10.833788998260996
sub-22,left,11–50,11,50,40,1.8627588615710082,1.504712286624943,2.0032941884918256,0.6439106534909514,2.2938227841978693
sub-22,left,51–200,51,200,150,0.5854710502378588,0.4494208029769517,0.5845290901989547,0.22469126966395467,0.6967205749171217
sub-22,left,201–1000,201,1000,800,0.41246298726079883,0.4099908934574289,0.24192638270844286,0.2111615303828926,0.6022968363801615
sub-23,left,1–10,1,10,10,9.264858876962396,8.258868362886476,6.133643996303418,6.702057238172012,9.874096276724217
sub-23,left,11–50,11,50,40,1.8784951679987647,1.552599145728422,1.6272102582710135,0.6711663820386725,2.4430358015086924
sub-23,left,51–200,51,200,150,0.5791392748529715,0.449442990400027,0.4792761408721882,0.19672231997766487,0.8721462413325587
sub-23,left,201–1000,201,1000,800,0.4626266191401555,0.4756005464547486,0.27489588280219884,0.21167428416104286,0.7000206666971813
sub-24,left,1–10,1,10,10,6.908722242455539,4.384338784530569,6.693515997310383,3.386492109317399,7.2831981420482315
sub-24,left,11–50,11,50,40,1.714933844275739,1.0669173513546006,1.9813197640677762,0.6321763630998881,1.7370133158003607
sub-24,left,51–200,51,200,150,0.5385536997632554,0.3994291118208321,0.5235070979106247,0.13797634264372668,0.7021247540302782
sub-24,left,201–1000,201,1000,800,0.31887349281579425,0.31090136685800973,0.18908460811283215,0.1673769508613645,0.4658500457849609
sub-26,left,1–10,1,10,10,7.733365885470936,5.995663327453082,6.427457740816641,3.038750163084092,9.752193077226824
sub-26,left,11–50,11,50,40,2.1748320317726675,1.5362458801237435,1.948313245115201,0.9800787241501414,2.852635346399216
sub-26,left,51–200,51,200,150,0.5773552308728989,0.5098836458479525,0.46965259851615304,0.19414333873963796,0.833792444233458
sub-26,left,201–1000,201,1000,800,0.44343454727388093,0.4574723019366726,0.24874584380032033,0.24704218627048324,0.6277118491382162
sub-30,left,1–10,1,10,10,7.847391578308352,6.390894192055916,6.2872676297264,3.4810085083405014,9.89286574252181
sub-30,left,11–50,11,50,40,1.9187587888622832,1.5427484168201522,1.9606577738104973,0.4800678614553348,2.4601909195884613
sub-30,left,51–200,51,200,150,0.553850121090829,0.4376873296568329,0.4969564690188569,0.21798735698415642,0.7226051372088516
sub-30,left,201–1000,201,1000,800,0.6053360834773451,0.5984785526969725,0.3280658279766571,0.34136420994746586,0.8834979368378859
sub-31,left,1–10,1,10,10,8.201681045226454,5.492474226186221,7.057019386963223,3.654844940642061,10.03872033229053
sub-31,left,11–50,11,50,40,1.8327841842050154,1.3700203094919092,1.9670050023206267,0.7395062950905568,2.1374241810117276
sub-31,left,51–200,51,200,150,0.5394930251134444,0.43755762551466537,0.5417145036193672,0.16759529662041767,0.7247001759881496
sub-31,left,201–1000,201,1000,800,0.4896536834633139,0.5145362353640153,0.2418544472786629,0.303335870419872,0.6696143059509378
sub-35,left,1–10,1,10,10,7.330361273018755,6.467901732659684,6.571126720362603,1.8033541798084034,10.739628275108052
sub-35,left,11–50,11,50,40,2.1310102065443575,1.279959484540985,2.3974334721727875,0.6136080788520927,2.502799832098574
sub-35,left,51–200,51,200,150,0.6367354617538435,0.45494101543921706,0.6005484946872424,0.23064559739376583,0.8333636791736333
sub-35,left,201–1000,201,1000,800,0.5004964242776677,0.4812040414554519,0.2987278869501484,0.2535729851945871,0.7222828459205313
sub-36,left,1–10,1,10,10,7.372254686605784,5.679734925156241,6.352268333990688,3.7744411923632364,9.134317643801184
sub-36,left,11–50,11,50,40,2.0041774697926713,1.8590273955859957,1.641141889692323,0.6690352661737099,2.682745369512534
sub-36,left,51–200,51,200,150,0.5521301475412401,0.49347519087275515,0.4614652710632596,0.18754607800108364,0.8102529930660373
sub-36,left,201–1000,201,1000,800,0.479967465284272,0.45875497001979093,0.2914541851080567,0.2234483618682992,0.7450081314836936
sub-37,left,1–10,1,10,10,7.841936869282678,7.02831844969818,7.048982867405993,1.908513929587972,9.659821775292729
sub-37,left,11–50,11,50,40,2.294263404361908,1.5450742711502805,2.2858754055792465,0.7170569227151382,3.47504800705456
sub-37,left,51–200,51,200,150,0.6285664549267873,0.5322055938329278,0.5187287033393534,0.2832976447945637,0.7518537940884709
sub-37,left,201–1000,201,1000,800,0.40027576517443575,0.3618129271182657,0.25057563748092665,0.1876787315078556,0.6119712107941153
