dataset,session,session_value,low_level,high_level
ECoG Speech,D0,0,0.0,0.0
ECoG Speech,D6,6,5.306242942810059,1.793209195137024
ECoG Speech,D8,8,5.6083879470825195,2.147731065750122
ECoG Speech,D13,13,6.9569549560546875,2.236351490020752
ECoG Speech,D14,14,7.123238563537598,2.966839551925659
ECoG Speech,D18,18,6.621304512023926,2.979548692703247
ECoG Speech,D35,35,7.779221057891846,3.3961431980133057
ECoG Speech,D42,42,9.435730934143066,3.0227463245391846
ECoG Speech,D43,43,8.938923835754395,3.2918994426727295
ECoG Speech,D204,204,18.128141403198242,3.537670612335205
ECoG Speech,D208,208,17.543413162231445,3.6651439666748047
AJILE12,S3,3,0.0,0.0
AJILE12,S4,4,6.087898254394531,6.148802074216752
AJILE12,S5,5,5.176039218902588,5.934515146931254
AJILE12,S6,6,5.442504405975342,2.419550638343486
AJILE12,S7,7,12.717836380004883,2.4782514274132548
SHU EEG,S1,1,0.0,0.0
SHU EEG,S2,2,13.316685676574707,3.4838340282440186
SHU EEG,S3,3,17.39354133605957,4.6190505027771
SHU EEG,S4,4,17.9240665435791,5.275764465332031
SHU EEG,S5,5,25.68130111694336,8.639608383178711
