subject,target,method,selected_seed
sub-0003,happy,NeuroStorm,4
sub-0004,happy,NeuroStorm,3
sub-0006,happy,NeuroStorm,6
sub-0017,happy,NeuroStorm,3
sub-0018,happy,NeuroStorm,3
sub-0031,happy,NeuroStorm,0
sub-0034,happy,NeuroStorm,4
sub-0035,happy,NeuroStorm,0
sub-0043,happy,NeuroStorm,9
sub-0044,happy,NeuroStorm,3
sub-0046,happy,NeuroStorm,9
sub-0052,happy,NeuroStorm,2
sub-0058,happy,NeuroStorm,0
sub-0060,happy,NeuroStorm,6
sub-0066,happy,NeuroStorm,7
sub-0069,happy,NeuroStorm,5
sub-0070,happy,NeuroStorm,7
sub-0073,happy,NeuroStorm,2
sub-0075,happy,NeuroStorm,1
sub-0078,happy,NeuroStorm,4
sub-0081,happy,NeuroStorm,8
sub-0087,happy,NeuroStorm,9
sub-0088,happy,NeuroStorm,2
sub-0092,happy,NeuroStorm,5
sub-0094,happy,NeuroStorm,6
sub-0099,happy,NeuroStorm,8
sub-0109,happy,NeuroStorm,6
sub-0112,happy,NeuroStorm,2
sub-0116,happy,NeuroStorm,3
sub-0127,happy,NeuroStorm,7
sub-0003,happy,Ours,41
sub-0004,happy,Ours,1
sub-0006,happy,Ours,18
sub-0017,happy,Ours,46
sub-0018,happy,Ours,28
sub-0031,happy,Ours,7
sub-0034,happy,Ours,51
sub-0035,happy,Ours,31
sub-0043,happy,Ours,67
sub-0044,happy,Ours,71
sub-0046,happy,Ours,19
sub-0052,happy,Ours,12
sub-0058,happy,Ours,45
sub-0060,happy,Ours,49
sub-0066,happy,Ours,25
sub-0069,happy,Ours,56
sub-0070,happy,Ours,0
sub-0073,happy,Ours,28
sub-0075,happy,Ours,70
sub-0078,happy,Ours,49
sub-0081,happy,Ours,14
sub-0087,happy,Ours,69
sub-0088,happy,Ours,35
sub-0092,happy,Ours,39
sub-0094,happy,Ours,42
sub-0099,happy,Ours,25
sub-0109,happy,Ours,14
sub-0112,happy,Ours,32
sub-0116,happy,Ours,21
sub-0127,happy,Ours,70
sub-0003,sad,NeuroStorm,7
sub-0004,sad,NeuroStorm,2
sub-0006,sad,NeuroStorm,7
sub-0017,sad,NeuroStorm,8
sub-0018,sad,NeuroStorm,1
sub-0031,sad,NeuroStorm,1
sub-0034,sad,NeuroStorm,5
sub-0035,sad,NeuroStorm,2
sub-0043,sad,NeuroStorm,2
sub-0044,sad,NeuroStorm,2
sub-0046,sad,NeuroStorm,5
sub-0052,sad,NeuroStorm,1
sub-0058,sad,NeuroStorm,1
sub-0060,sad,NeuroStorm,0
sub-0066,sad,NeuroStorm,2
sub-0069,sad,NeuroStorm,0
sub-0070,sad,NeuroStorm,0
sub-0073,sad,NeuroStorm,0
sub-0075,sad,NeuroStorm,0
sub-0078,sad,NeuroStorm,4
sub-0081,sad,NeuroStorm,3
sub-0087,sad,NeuroStorm,2
sub-0088,sad,NeuroStorm,2
sub-0092,sad,NeuroStorm,7
sub-0094,sad,NeuroStorm,0
sub-0099,sad,NeuroStorm,2
sub-0109,sad,NeuroStorm,9
sub-0112,sad,NeuroStorm,2
sub-0116,sad,NeuroStorm,8
sub-0127,sad,NeuroStorm,4
sub-0003,sad,Ours,65
sub-0004,sad,Ours,44
sub-0006,sad,Ours,51
sub-0017,sad,Ours,45
sub-0018,sad,Ours,28
sub-0031,sad,Ours,32
sub-0034,sad,Ours,5
sub-0035,sad,Ours,63
sub-0043,sad,Ours,22
sub-0044,sad,Ours,41
sub-0046,sad,Ours,11
sub-0052,sad,Ours,67
sub-0058,sad,Ours,7
sub-0060,sad,Ours,60
sub-0066,sad,Ours,12
sub-0069,sad,Ours,22
sub-0070,sad,Ours,39
sub-0073,sad,Ours,52
sub-0075,sad,Ours,43
sub-0078,sad,Ours,54
sub-0081,sad,Ours,36
sub-0087,sad,Ours,65
sub-0088,sad,Ours,70
sub-0092,sad,Ours,25
sub-0094,sad,Ours,40
sub-0099,sad,Ours,44
sub-0109,sad,Ours,45
sub-0112,sad,Ours,47
sub-0116,sad,Ours,55
sub-0127,sad,Ours,71
sub-0003,afraid,NeuroStorm,2
sub-0004,afraid,NeuroStorm,8
sub-0006,afraid,NeuroStorm,9
sub-0017,afraid,NeuroStorm,4
sub-0018,afraid,NeuroStorm,3
sub-0031,afraid,NeuroStorm,3
sub-0034,afraid,NeuroStorm,7
sub-0035,afraid,NeuroStorm,7
sub-0043,afraid,NeuroStorm,5
sub-0044,afraid,NeuroStorm,5
sub-0046,afraid,NeuroStorm,1
sub-0052,afraid,NeuroStorm,4
sub-0058,afraid,NeuroStorm,3
sub-0060,afraid,NeuroStorm,7
sub-0066,afraid,NeuroStorm,5
sub-0069,afraid,NeuroStorm,0
sub-0070,afraid,NeuroStorm,3
sub-0073,afraid,NeuroStorm,9
sub-0075,afraid,NeuroStorm,8
sub-0078,afraid,NeuroStorm,8
sub-0081,afraid,NeuroStorm,4
sub-0087,afraid,NeuroStorm,2
sub-0088,afraid,NeuroStorm,5
sub-0092,afraid,NeuroStorm,9
sub-0094,afraid,NeuroStorm,1
sub-0099,afraid,NeuroStorm,9
sub-0109,afraid,NeuroStorm,9
sub-0112,afraid,NeuroStorm,1
sub-0116,afraid,NeuroStorm,5
sub-0127,afraid,NeuroStorm,2
sub-0003,afraid,Ours,65
sub-0004,afraid,Ours,0
sub-0006,afraid,Ours,65
sub-0017,afraid,Ours,9
sub-0018,afraid,Ours,71
sub-0031,afraid,Ours,31
sub-0034,afraid,Ours,30
sub-0035,afraid,Ours,50
sub-0043,afraid,Ours,38
sub-0044,afraid,Ours,53
sub-0046,afraid,Ours,14
sub-0052,afraid,Ours,37
sub-0058,afraid,Ours,24
sub-0060,afraid,Ours,30
sub-0066,afraid,Ours,40
sub-0069,afraid,Ours,48
sub-0070,afraid,Ours,63
sub-0073,afraid,Ours,49
sub-0075,afraid,Ours,33
sub-0078,afraid,Ours,7
sub-0081,afraid,Ours,55
sub-0087,afraid,Ours,44
sub-0088,afraid,Ours,73
sub-0092,afraid,Ours,3
sub-0094,afraid,Ours,28
sub-0099,afraid,Ours,25
sub-0109,afraid,Ours,53
sub-0112,afraid,Ours,6
sub-0116,afraid,Ours,30
sub-0127,afraid,Ours,59
sub-0003,disgusted,NeuroStorm,0
sub-0004,disgusted,NeuroStorm,5
sub-0006,disgusted,NeuroStorm,4
sub-0017,disgusted,NeuroStorm,0
sub-0018,disgusted,NeuroStorm,2
sub-0031,disgusted,NeuroStorm,7
sub-0034,disgusted,NeuroStorm,6
sub-0035,disgusted,NeuroStorm,8
sub-0043,disgusted,NeuroStorm,6
sub-0044,disgusted,NeuroStorm,9
sub-0046,disgusted,NeuroStorm,6
sub-0052,disgusted,NeuroStorm,9
sub-0058,disgusted,NeuroStorm,5
sub-0060,disgusted,NeuroStorm,3
sub-0066,disgusted,NeuroStorm,3
sub-0069,disgusted,NeuroStorm,6
sub-0070,disgusted,NeuroStorm,8
sub-0073,disgusted,NeuroStorm,2
sub-0075,disgusted,NeuroStorm,3
sub-0078,disgusted,NeuroStorm,5
sub-0081,disgusted,NeuroStorm,1
sub-0087,disgusted,NeuroStorm,2
sub-0088,disgusted,NeuroStorm,5
sub-0092,disgusted,NeuroStorm,5
sub-0094,disgusted,NeuroStorm,1
sub-0099,disgusted,NeuroStorm,2
sub-0109,disgusted,NeuroStorm,1
sub-0112,disgusted,NeuroStorm,1
sub-0116,disgusted,NeuroStorm,8
sub-0127,disgusted,NeuroStorm,7
sub-0003,disgusted,Ours,24
sub-0004,disgusted,Ours,16
sub-0006,disgusted,Ours,33
sub-0017,disgusted,Ours,33
sub-0018,disgusted,Ours,76
sub-0031,disgusted,Ours,34
sub-0034,disgusted,Ours,23
sub-0035,disgusted,Ours,76
sub-0043,disgusted,Ours,66
sub-0044,disgusted,Ours,24
sub-0046,disgusted,Ours,31
sub-0052,disgusted,Ours,33
sub-0058,disgusted,Ours,62
sub-0060,disgusted,Ours,44
sub-0066,disgusted,Ours,12
sub-0069,disgusted,Ours,36
sub-0070,disgusted,Ours,23
sub-0073,disgusted,Ours,22
sub-0075,disgusted,Ours,73
sub-0078,disgusted,Ours,4
sub-0081,disgusted,Ours,31
sub-0087,disgusted,Ours,13
sub-0088,disgusted,Ours,68
sub-0092,disgusted,Ours,10
sub-0094,disgusted,Ours,16
sub-0099,disgusted,Ours,13
sub-0109,disgusted,Ours,75
sub-0112,disgusted,Ours,52
sub-0116,disgusted,Ours,2
sub-0127,disgusted,Ours,54
sub-0003,engaged,NeuroStorm,2
sub-0004,engaged,NeuroStorm,8
sub-0006,engaged,NeuroStorm,9
sub-0017,engaged,NeuroStorm,0
sub-0018,engaged,NeuroStorm,3
sub-0031,engaged,NeuroStorm,4
sub-0034,engaged,NeuroStorm,6
sub-0035,engaged,NeuroStorm,0
sub-0043,engaged,NeuroStorm,9
sub-0044,engaged,NeuroStorm,1
sub-0046,engaged,NeuroStorm,9
sub-0052,engaged,NeuroStorm,1
sub-0058,engaged,NeuroStorm,8
sub-0060,engaged,NeuroStorm,9
sub-0066,engaged,NeuroStorm,7
sub-0069,engaged,NeuroStorm,4
sub-0070,engaged,NeuroStorm,4
sub-0073,engaged,NeuroStorm,1
sub-0075,engaged,NeuroStorm,0
sub-0078,engaged,NeuroStorm,0
sub-0081,engaged,NeuroStorm,9
sub-0087,engaged,NeuroStorm,9
sub-0088,engaged,NeuroStorm,2
sub-0092,engaged,NeuroStorm,8
sub-0094,engaged,NeuroStorm,0
sub-0099,engaged,NeuroStorm,4
sub-0109,engaged,NeuroStorm,0
sub-0112,engaged,NeuroStorm,7
sub-0116,engaged,NeuroStorm,6
sub-0127,engaged,NeuroStorm,4
sub-0003,engaged,Ours,39
sub-0004,engaged,Ours,68
sub-0006,engaged,Ours,75
sub-0017,engaged,Ours,43
sub-0018,engaged,Ours,8
sub-0031,engaged,Ours,16
sub-0034,engaged,Ours,1
sub-0035,engaged,Ours,55
sub-0043,engaged,Ours,49
sub-0044,engaged,Ours,0
sub-0046,engaged,Ours,9
sub-0052,engaged,Ours,72
sub-0058,engaged,Ours,20
sub-0060,engaged,Ours,70
sub-0066,engaged,Ours,28
sub-0069,engaged,Ours,71
sub-0070,engaged,Ours,7
sub-0073,engaged,Ours,20
sub-0075,engaged,Ours,43
sub-0078,engaged,Ours,72
sub-0081,engaged,Ours,29
sub-0087,engaged,Ours,57
sub-0088,engaged,Ours,24
sub-0092,engaged,Ours,4
sub-0094,engaged,Ours,71
sub-0099,engaged,Ours,59
sub-0109,engaged,Ours,46
sub-0112,engaged,Ours,32
sub-0116,engaged,Ours,37
sub-0127,engaged,Ours,63
