domain,subject,PS_low,CCGP_low,PS_high,CCGP_high
internal,sub-0003,0.03659184915655665,0.4666666666666666,-0.095530352330264,0.425
internal,sub-0031,-0.26624734899672875,0.3925,0.08062645198044056,0.46749999999999997
internal,sub-0034,0.5241243330626484,0.7166666666666666,0.6551871792217844,0.7104166666666667
internal,sub-0035,-0.059779552564003906,0.5089285714285714,0.2691396141714792,0.5517857142857142
internal,sub-0043,0.3212863443783306,0.5267857142857142,0.5359454395584956,0.7482142857142857
internal,sub-0046,0.471649433956607,0.7267857142857144,0.4731486269900499,0.6803571428571428
internal,sub-0052,-0.07746951816427797,0.4166666666666667,0.3659413695459623,0.6875
internal,sub-0058,-0.09274086862600499,0.40892857142857136,0.8077016102627974,0.8803571428571428
internal,sub-0060,0.4630678809884782,0.7392857142857143,0.49069378060543517,0.7125
internal,sub-0069,-0.17674199083289804,0.5583333333333333,0.3354609104166766,0.7354166666666667
internal,sub-0070,0.07728912140592945,0.4375,0.4173037617565016,0.6517857142857142
internal,sub-0073,0.0841871294932361,0.49107142857142855,0.2758409130305812,0.575
internal,sub-0078,-0.09352981569312262,0.3975,0.005343969506420471,0.5599999999999999
internal,sub-0081,0.13814538293382098,0.5035714285714286,0.06796533202358446,0.5714285714285714
internal,sub-0099,0.16418451628201144,0.5089285714285714,0.37167425039176105,0.6035714285714285
internal,sub-0116,-0.20040902945841,0.47857142857142854,-0.27241341609000985,0.34464285714285714
motor,sub-102,0.13371957464540116,0.5734375,0.20363639722592056,0.528125
motor,sub-103,0.05472835763209681,0.5046052631578947,0.2982500554488209,0.5960526315789474
motor,sub-105,0.5369043332176023,0.525657894736842,0.5057515302802671,0.6414473684210525
motor,sub-106,0.43715167394347554,0.5785714285714285,0.9424786057446977,0.7598214285714285
motor,sub-107,0.7775125799117572,0.5052631578947369,0.9920029948138559,0.8039473684210525
motor,sub-108,0.028480960344505302,0.6256578947368421,0.9684933301924885,0.7875
motor,sub-110,0.7520678267697462,0.6302631578947369,0.7583426817979781,0.5526315789473684
perception,sub-01,0.5546720741729632,0.7057783018867924,0.7959269359865624,0.8570754716981132
perception,sub-02,0.5634266413931325,0.7076650943396225,0.7397793672145418,0.8653301886792454
perception,sub-03,0.4362700840855433,0.6542929292929293,0.7769886905134586,0.8786616161616163
perception,sub-04,0.4727715370762211,0.66015625,0.7359320381484293,0.83359375
perception,sub-05,0.6673648739864485,0.7330188679245283,0.7445058230629741,0.850943396226415
perception,sub-06,0.5522063622878833,0.6934343434343434,0.7317208703862811,0.8237373737373737
perception,sub-07,0.44692148622342215,0.6748820754716981,0.7234154220528802,0.8418632075471699
perception,sub-08,0.23781258622258947,0.5575520833333334,0.6946214443805814,0.8209635416666667
