task,subject
narratives,sub-0007
narratives,sub-0029
narratives,sub-0001
narratives,sub-0004
narratives,sub-0003
narratives,sub-0046
narratives,sub-0018
narratives,sub-0035
narratives,sub-0021
narratives,sub-0034
narratives,sub-0006
narratives,sub-0019
narratives,sub-0041
narratives,sub-0037
narratives,sub-0010
narratives,sub-0016
narratives,sub-0044
shortvideo,sub-0017
shortvideo,sub-0031
shortvideo,sub-0011
shortvideo,sub-0003
shortvideo,sub-0029
shortvideo,sub-0013
shortvideo,sub-0026
shortvideo,sub-0009
shortvideo,sub-0018
shortvideo,sub-0025
shortvideo,sub-0016
shortvideo,sub-0034
shortvideo,sub-0032
shortvideo,sub-0037
shortvideo,sub-0005
shortvideo,sub-0033
shortvideo,sub-0040
